,new_region,date,nombre_de_trains_programmes,nombre_de_trains_ayant_circule,nombre_de_trains_annules,nombre_de_trains_en_retard_a_l_arrivee,taux_de_regularite,nombre_de_trains_a_l_heure_pour_un_train_en_retard_a_l_arrivee,annee,mois
0,Auvergne-Rhône-Alpes,2013-01-01,37223.0,36511.0,712.0,3983.0,89.09095888910191,8.166708511172484,2013,1
374,Normandie,2013-01-01,9288.0,9175.0,113.0,799.0,91.29155313351498,10.483103879849812,2013,1
434,Nouvelle Aquitaine,2013-01-01,15185.0,14918.0,267.0,1146.0,92.31800509451669,12.017452006980802,2013,1
314,Hauts-de-France,2013-01-01,30981.0,30563.0,418.0,3577.0,88.29630599090403,7.544310875034945,2013,1
266,Grand Est,2013-01-01,26743.0,26469.0,274.0,1231.0,95.34927651214629,20.50203086921202,2013,1
526,Occitanie,2013-01-01,13232.0,12838.0,394.0,1280.0,90.02959962610998,9.0296875,2013,1
711,Provence-Alpes-Côte d'Azur,2013-01-01,13956.0,13219.0,737.0,1816.0,86.26219835085861,6.279185022026431,2013,1
120,Bretagne,2013-01-01,8776.0,8631.0,145.0,554.0,93.58127679295562,14.57942238267148,2013,1
60,Bourgogne-Franche-Comté,2013-01-01,14226.0,14076.0,150.0,1178.0,91.63114521170787,10.9490662139219,2013,1
592,Pays de la Loire,2013-01-01,10407.0,10195.0,212.0,713.0,93.00637567435017,13.298737727910238,2013,1
435,Nouvelle Aquitaine,2013-02-01,14389.0,14229.0,160.0,1249.0,91.22215194321456,10.392313851080864,2013,2
527,Occitanie,2013-02-01,12271.0,11857.0,414.0,1302.0,89.0191448089736,8.106758832565284,2013,2
315,Hauts-de-France,2013-02-01,27693.0,27365.0,328.0,1919.0,92.98739265485109,13.260031266284523,2013,2
267,Grand Est,2013-02-01,24064.0,23860.0,204.0,1004.0,95.79212070410729,22.764940239043824,2013,2
61,Bourgogne-Franche-Comté,2013-02-01,12659.0,12511.0,148.0,1152.0,90.79210294940452,9.860243055555555,2013,2
375,Normandie,2013-02-01,8362.0,8292.0,70.0,396.0,95.22431259044862,19.939393939393938,2013,2
121,Bretagne,2013-02-01,7729.0,7644.0,85.0,448.0,94.13919413919415,16.0625,2013,2
593,Pays de la Loire,2013-02-01,9238.0,9126.0,112.0,503.0,94.48827525750603,17.143141153081512,2013,2
712,Provence-Alpes-Côte d'Azur,2013-02-01,12581.0,12142.0,439.0,1761.0,85.49662329105584,5.894946053378762,2013,2
1,Auvergne-Rhône-Alpes,2013-02-01,33444.0,33076.0,368.0,4198.0,87.3080178981739,6.878989995235827,2013,2
713,Provence-Alpes-Côte d'Azur,2013-03-01,13994.0,13042.0,952.0,2010.0,84.58825333537801,5.488557213930348,2013,3
594,Pays de la Loire,2013-03-01,9837.0,9484.0,353.0,520.0,94.51708140025306,17.23846153846154,2013,3
268,Grand Est,2013-03-01,25735.0,25391.0,344.0,1036.0,95.91981410736088,23.50868725868726,2013,3
62,Bourgogne-Franche-Comté,2013-03-01,13625.0,13274.0,351.0,994.0,92.51167696248305,12.354124748490946,2013,3
122,Bretagne,2013-03-01,8363.0,8208.0,155.0,924.0,88.74269005847954,7.883116883116883,2013,3
316,Hauts-de-France,2013-03-01,29184.0,27400.0,1784.0,2571.0,90.61678832116789,9.657331777518475,2013,3
436,Nouvelle Aquitaine,2013-03-01,15589.0,15354.0,235.0,1213.0,92.09977855933307,11.657873042044518,2013,3
528,Occitanie,2013-03-01,12876.0,12350.0,526.0,1237.0,89.98380566801619,8.983831851253031,2013,3
2,Auvergne-Rhône-Alpes,2013-03-01,34769.0,34469.0,300.0,4015.0,88.35185238910326,7.58505603985056,2013,3
376,Normandie,2013-03-01,8727.0,8128.0,599.0,577.0,92.90108267716535,13.086655112651647,2013,3
595,Pays de la Loire,2013-04-01,9758.0,9549.0,209.0,501.0,94.75337731699655,18.059880239520957,2013,4
714,Provence-Alpes-Côte d'Azur,2013-04-01,13437.0,12168.0,1269.0,1660.0,86.35765943458252,6.330120481927711,2013,4
3,Auvergne-Rhône-Alpes,2013-04-01,30862.0,30493.0,369.0,3358.0,88.98763650673925,8.08070279928529,2013,4
529,Occitanie,2013-04-01,13257.0,12896.0,361.0,993.0,92.29993796526054,11.986908358509567,2013,4
63,Bourgogne-Franche-Comté,2013-04-01,13147.0,13041.0,106.0,981.0,92.4775707384403,12.293577981651376,2013,4
377,Normandie,2013-04-01,8883.0,8753.0,130.0,435.0,95.03027533417114,19.12183908045977,2013,4
437,Nouvelle Aquitaine,2013-04-01,15665.0,15355.0,310.0,1344.0,91.24715076522305,10.42485119047619,2013,4
269,Grand Est,2013-04-01,25065.0,24878.0,187.0,813.0,96.73205241578906,29.600246002460025,2013,4
123,Bretagne,2013-04-01,8371.0,8276.0,95.0,579.0,93.0038666022233,13.293609671848014,2013,4
317,Hauts-de-France,2013-04-01,29711.0,29404.0,307.0,1951.0,93.36484831995647,14.07124551512045,2013,4
318,Hauts-de-France,2013-05-01,28686.0,28447.0,239.0,1545.0,94.56884733012268,17.41229773462783,2013,5
4,Auvergne-Rhône-Alpes,2013-05-01,31801.0,31492.0,309.0,2905.0,90.77543503111902,9.840619621342514,2013,5
596,Pays de la Loire,2013-05-01,9823.0,9420.0,403.0,658.0,93.01486199575372,13.316109422492401,2013,5
124,Bretagne,2013-05-01,7977.0,7910.0,67.0,323.0,95.91656131479141,23.489164086687307,2013,5
530,Occitanie,2013-05-01,13478.0,13120.0,358.0,940.0,92.83536585365853,12.957446808510639,2013,5
64,Bourgogne-Franche-Comté,2013-05-01,13283.0,13171.0,112.0,1223.0,90.71444840938425,9.769419460343418,2013,5
715,Provence-Alpes-Côte d'Azur,2013-05-01,13312.0,12977.0,335.0,2244.0,82.70786776604763,4.782976827094474,2013,5
378,Normandie,2013-05-01,8625.0,8442.0,183.0,388.0,95.40393271736555,20.757731958762886,2013,5
438,Nouvelle Aquitaine,2013-05-01,15958.0,15829.0,129.0,1165.0,92.6400909722661,12.587124463519313,2013,5
270,Grand Est,2013-05-01,25122.0,24975.0,147.0,669.0,97.32132132132132,36.33183856502242,2013,5
531,Occitanie,2013-06-01,13487.0,12910.0,577.0,1115.0,91.36328427575523,10.57847533632287,2013,6
5,Auvergne-Rhône-Alpes,2013-06-01,32074.0,31653.0,421.0,3576.0,88.70249265472467,7.851510067114094,2013,6
319,Hauts-de-France,2013-06-01,28393.0,28053.0,340.0,1931.0,93.11660072006559,13.527705851890213,2013,6
439,Nouvelle Aquitaine,2013-06-01,15463.0,14933.0,530.0,1359.0,90.89935043192928,9.988226637233259,2013,6
379,Normandie,2013-06-01,8750.0,8548.0,202.0,439.0,94.86429574169397,18.471526195899774,2013,6
716,Provence-Alpes-Côte d'Azur,2013-06-01,12916.0,11957.0,959.0,2160.0,81.9352680438237,4.535648148148148,2013,6
65,Bourgogne-Franche-Comté,2013-06-01,12850.0,12041.0,809.0,1153.0,90.42438335686404,9.443191673894189,2013,6
271,Grand Est,2013-06-01,24257.0,23876.0,381.0,1040.0,95.64416150108896,21.95769230769231,2013,6
125,Bretagne,2013-06-01,7901.0,7837.0,64.0,280.0,96.42720428735485,26.989285714285714,2013,6
597,Pays de la Loire,2013-06-01,9665.0,9217.0,448.0,574.0,93.77237712921774,15.057491289198607,2013,6
126,Bretagne,2013-07-01,7363.0,7299.0,64.0,483.0,93.38265515824085,14.111801242236025,2013,7
598,Pays de la Loire,2013-07-01,10018.0,9840.0,178.0,900.0,90.85365853658537,9.933333333333334,2013,7
320,Hauts-de-France,2013-07-01,26173.0,25731.0,442.0,1844.0,92.83354708328476,12.953904555314534,2013,7
66,Bourgogne-Franche-Comté,2013-07-01,12782.0,12707.0,75.0,1201.0,90.54851656567246,9.580349708576186,2013,7
532,Occitanie,2013-07-01,15073.0,14405.0,668.0,1740.0,87.92086081221798,7.278735632183908,2013,7
272,Grand Est,2013-07-01,20521.0,20363.0,158.0,864.0,95.7570102637136,22.568287037037038,2013,7
6,Auvergne-Rhône-Alpes,2013-07-01,35453.0,34883.0,570.0,4108.0,88.22348995212568,7.491480038948393,2013,7
440,Nouvelle Aquitaine,2013-07-01,16497.0,16086.0,411.0,2351.0,85.38480666418003,5.842194810718843,2013,7
717,Provence-Alpes-Côte d'Azur,2013-07-01,13918.0,13276.0,642.0,2762.0,79.19554082554987,3.8066618392469227,2013,7
380,Normandie,2013-07-01,9852.0,9774.0,78.0,587.0,93.99427051360753,15.65076660988075,2013,7
273,Grand Est,2013-08-01,21055.0,20906.0,149.0,706.0,96.62297904907682,28.611898016997166,2013,8
127,Bretagne,2013-08-01,7479.0,7449.0,30.0,327.0,95.61014901329037,21.779816513761467,2013,8
718,Provence-Alpes-Côte d'Azur,2013-08-01,13672.0,13154.0,518.0,2238.0,82.98616390451573,4.877569258266309,2013,8
381,Normandie,2013-08-01,9593.0,9515.0,78.0,425.0,95.53336836573831,21.388235294117646,2013,8
441,Nouvelle Aquitaine,2013-08-01,16149.0,15957.0,192.0,1490.0,90.66240521401267,9.709395973154363,2013,8
7,Auvergne-Rhône-Alpes,2013-08-01,33900.0,33556.0,344.0,2839.0,91.53951603290022,10.819654808030997,2013,8
533,Occitanie,2013-08-01,14261.0,14018.0,243.0,1157.0,91.74632615209018,11.11581676750216,2013,8
599,Pays de la Loire,2013-08-01,9754.0,9663.0,91.0,583.0,93.96667701541965,15.574614065180103,2013,8
321,Hauts-de-France,2013-08-01,24982.0,24558.0,424.0,1333.0,94.57203355322095,17.42310577644411,2013,8
67,Bourgogne-Franche-Comté,2013-08-01,12162.0,12097.0,65.0,730.0,93.96544597834173,15.57123287671233,2013,8
322,Hauts-de-France,2013-09-01,29998.0,29396.0,602.0,2071.0,92.95482378554905,13.194109126026074,2013,9
128,Bretagne,2013-09-01,8218.0,8166.0,52.0,472.0,94.21993632133236,16.300847457627118,2013,9
8,Auvergne-Rhône-Alpes,2013-09-01,34184.0,33764.0,420.0,3394.0,89.94787347470678,8.94814378314673,2013,9
68,Bourgogne-Franche-Comté,2013-09-01,12905.0,12528.0,377.0,1152.0,90.80459770114942,9.875,2013,9
382,Normandie,2013-09-01,8987.0,8742.0,245.0,384.0,95.60741249142073,21.765625,2013,9
442,Nouvelle Aquitaine,2013-09-01,15543.0,15147.0,396.0,1499.0,90.10365088796462,9.104736490993997,2013,9
719,Provence-Alpes-Côte d'Azur,2013-09-01,13024.0,12465.0,559.0,1745.0,86.00080224628961,6.143266475644699,2013,9
274,Grand Est,2013-09-01,25191.0,24887.0,304.0,1163.0,95.32687748623779,20.39896818572657,2013,9
534,Occitanie,2013-09-01,12637.0,12202.0,435.0,1027.0,91.58334699229634,10.881207400194741,2013,9
600,Pays de la Loire,2013-09-01,9731.0,9381.0,350.0,651.0,93.06044131755677,13.410138248847927,2013,9
535,Occitanie,2013-10-01,12833.0,12433.0,400.0,1132.0,90.89519826268801,9.98321554770318,2013,10
443,Nouvelle Aquitaine,2013-10-01,16349.0,15867.0,482.0,1614.0,89.82794479107582,8.83085501858736,2013,10
275,Grand Est,2013-10-01,26883.0,26501.0,382.0,1621.0,93.883249688691,15.348550277606416,2013,10
69,Bourgogne-Franche-Comté,2013-10-01,13966.0,13797.0,169.0,1517.0,89.0048561281438,8.094924192485168,2013,10
720,Provence-Alpes-Côte d'Azur,2013-10-01,11011.0,10306.0,705.0,2382.0,76.88725014554629,3.3266162888329136,2013,10
601,Pays de la Loire,2013-10-01,10176.0,9893.0,283.0,1012.0,89.77054482967755,8.775691699604742,2013,10
129,Bretagne,2013-10-01,8768.0,8705.0,63.0,766.0,91.20045950603102,10.364229765013055,2013,10
383,Normandie,2013-10-01,9407.0,9220.0,187.0,632.0,93.14533622559652,13.58860759493671,2013,10
323,Hauts-de-France,2013-10-01,29411.0,29092.0,319.0,3352.0,88.4779320775471,7.678997613365155,2013,10
9,Auvergne-Rhône-Alpes,2013-10-01,36037.0,35575.0,462.0,4246.0,88.0646521433591,7.378473857748469,2013,10
721,Provence-Alpes-Côte d'Azur,2013-11-01,13054.0,12480.0,574.0,2205.0,82.33173076923077,4.659863945578231,2013,11
384,Normandie,2013-11-01,8570.0,8171.0,399.0,646.0,92.09399094358096,11.64860681114551,2013,11
444,Nouvelle Aquitaine,2013-11-01,15401.0,14749.0,652.0,1884.0,87.22625262729676,6.828556263269639,2013,11
10,Auvergne-Rhône-Alpes,2013-11-01,32654.0,31728.0,926.0,4252.0,86.59858799798286,6.461900282220132,2013,11
70,Bourgogne-Franche-Comté,2013-11-01,12819.0,12660.0,159.0,1604.0,87.33017377567141,6.892768079800499,2013,11
536,Occitanie,2013-11-01,11798.0,11401.0,397.0,1444.0,87.33444434698711,6.895429362880886,2013,11
602,Pays de la Loire,2013-11-01,9330.0,9200.0,130.0,904.0,90.17391304347827,9.176991150442477,2013,11
276,Grand Est,2013-11-01,24625.0,23956.0,669.0,1332.0,94.43980631157122,16.984984984984983,2013,11
324,Hauts-de-France,2013-11-01,28026.0,27664.0,362.0,3335.0,87.94462116830537,7.295052473763119,2013,11
130,Bretagne,2013-11-01,8083.0,8014.0,69.0,713.0,91.10306962815073,10.239831697054699,2013,11
71,Bourgogne-Franche-Comté,2013-12-01,13409.0,13049.0,360.0,1290.0,90.11418499501877,9.115503875968992,2013,12
277,Grand Est,2013-12-01,24381.0,23884.0,497.0,1155.0,95.1641266119578,19.67878787878788,2013,12
603,Pays de la Loire,2013-12-01,9900.0,9409.0,491.0,947.0,89.93516845573387,8.93558606124604,2013,12
325,Hauts-de-France,2013-12-01,25451.0,25096.0,355.0,2675.0,89.34093082562958,8.381682242990655,2013,12
385,Normandie,2013-12-01,9172.0,8409.0,763.0,652.0,92.24640266381259,11.89723926380368,2013,12
131,Bretagne,2013-12-01,8576.0,8246.0,330.0,613.0,92.5660926509823,12.451876019575856,2013,12
537,Occitanie,2013-12-01,13031.0,12417.0,614.0,1892.0,84.76282515905613,5.562896405919662,2013,12
11,Auvergne-Rhône-Alpes,2013-12-01,30360.0,29812.0,548.0,4841.0,83.76157252113244,5.1582317702953935,2013,12
722,Provence-Alpes-Côte d'Azur,2013-12-01,14882.0,10858.0,4024.0,2016.0,81.43304475962424,4.385912698412699,2013,12
445,Nouvelle Aquitaine,2013-12-01,16439.0,15586.0,853.0,1635.0,89.50981650198896,8.532721712538226,2013,12
604,Pays de la Loire,2014-01-01,10247.0,10127.0,120.0,717.0,92.91991705342154,13.12412831241283,2014,1
538,Occitanie,2014-01-01,13892.0,13662.0,230.0,1408.0,89.69404186795491,8.703125,2014,1
132,Bretagne,2014-01-01,8781.0,8714.0,67.0,416.0,95.22607298599954,19.947115384615383,2014,1
386,Normandie,2014-01-01,9408.0,9305.0,103.0,461.0,95.04567436861902,19.184381778741866,2014,1
723,Provence-Alpes-Côte d'Azur,2014-01-01,14703.0,13336.0,1367.0,2652.0,80.11397720455909,4.028657616892911,2014,1
446,Nouvelle Aquitaine,2014-01-01,17637.0,17332.0,305.0,1254.0,92.76482806369721,12.821371610845295,2014,1
278,Grand Est,2014-01-01,25986.0,25706.0,280.0,934.0,96.36660701781685,26.522483940042825,2014,1
12,Auvergne-Rhône-Alpes,2014-01-01,34408.0,33930.0,478.0,3589.0,89.42234011199528,8.453886876567289,2014,1
72,Bourgogne-Franche-Comté,2014-01-01,14149.0,14065.0,84.0,898.0,93.6153572698187,14.662583518930958,2014,1
326,Hauts-de-France,2014-01-01,31613.0,31263.0,350.0,2409.0,92.29440552730064,11.977584059775841,2014,1
605,Pays de la Loire,2014-02-01,9285.0,9175.0,110.0,709.0,92.2724795640327,11.940761636107194,2014,2
279,Grand Est,2014-02-01,23489.0,23590.0,171.0,1015.0,95.6973293768546,22.24137931034483,2014,2
724,Provence-Alpes-Côte d'Azur,2014-02-01,12677.0,11676.0,1001.0,2143.0,81.6461116820829,4.4484367708819414,2014,2
387,Normandie,2014-02-01,8589.0,8480.0,89.0,436.0,94.85849056603773,18.44954128440367,2014,2
327,Hauts-de-France,2014-02-01,27778.0,27395.0,383.0,1854.0,93.23234166818763,13.776159654800432,2014,2
539,Occitanie,2014-02-01,12124.0,11958.0,166.0,1101.0,90.79277471149021,9.861035422343324,2014,2
73,Bourgogne-Franche-Comté,2014-02-01,12170.0,11967.0,203.0,720.0,93.98345449987465,15.620833333333334,2014,2
133,Bretagne,2014-02-01,8025.0,7872.0,153.0,561.0,92.8734756097561,13.032085561497325,2014,2
13,Auvergne-Rhône-Alpes,2014-02-01,30838.0,30436.0,402.0,2921.0,90.40281245893021,9.419719274221157,2014,2
447,Nouvelle Aquitaine,2014-02-01,15427.0,15161.0,276.0,1258.0,91.70239430116747,11.051669316375198,2014,2
74,Bourgogne-Franche-Comté,2014-03-01,12763.0,12488.0,275.0,834.0,93.32158872517617,13.973621103117505,2014,3
14,Auvergne-Rhône-Alpes,2014-03-01,34017.0,33186.0,831.0,2770.0,91.65310673175435,10.980505415162455,2014,3
540,Occitanie,2014-03-01,12600.0,12334.0,266.0,1054.0,91.45451597210962,10.702087286527513,2014,3
606,Pays de la Loire,2014-03-01,10291.0,10058.0,233.0,629.0,93.74627162457745,14.990461049284578,2014,3
280,Grand Est,2014-03-01,25553.0,25189.0,364.0,836.0,96.68109095239986,29.130382775119617,2014,3
388,Normandie,2014-03-01,9143.0,9047.0,96.0,370.0,95.91024649054935,23.451351351351352,2014,3
328,Hauts-de-France,2014-03-01,30159.0,29680.0,479.0,1857.0,93.74326145552561,14.98276790522348,2014,3
448,Nouvelle Aquitaine,2014-03-01,16240.0,16018.0,222.0,1203.0,92.48969908852541,12.315045719035744,2014,3
134,Bretagne,2014-03-01,8383.0,8337.0,46.0,209.0,97.49310303466474,38.889952153110045,2014,3
725,Provence-Alpes-Côte d'Azur,2014-03-01,13338.0,12790.0,548.0,1903.0,85.12118842845973,5.720966894377299,2014,3
726,Provence-Alpes-Côte d'Azur,2014-04-01,13459.0,12957.0,502.0,2413.0,81.37686192791541,4.369664318276005,2014,4
75,Bourgogne-Franche-Comté,2014-04-01,13173.0,13077.0,96.0,964.0,92.62827865718437,12.565352697095436,2014,4
389,Normandie,2014-04-01,8944.0,8883.0,61.0,380.0,95.7221659349319,22.376315789473683,2014,4
607,Pays de la Loire,2014-04-01,10173.0,10083.0,90.0,637.0,93.6824357830011,14.828885400313972,2014,4
135,Bretagne,2014-04-01,8114.0,8061.0,53.0,346.0,95.70772856965637,22.297687861271676,2014,4
541,Occitanie,2014-04-01,13136.0,12973.0,163.0,1009.0,92.22230787019194,11.857284440039644,2014,4
329,Hauts-de-France,2014-04-01,30120.0,29016.0,199.0,1528.0,94.73393989523022,17.98952879581152,2014,4
15,Auvergne-Rhône-Alpes,2014-04-01,32155.0,31519.0,636.0,2878.0,90.86899965100416,9.95170257123002,2014,4
281,Grand Est,2014-04-01,24391.0,24223.0,168.0,728.0,96.99459191677332,32.27335164835165,2014,4
449,Nouvelle Aquitaine,2014-04-01,15910.0,15713.0,197.0,967.0,93.84586011582766,15.249224405377456,2014,4
727,Provence-Alpes-Côte d'Azur,2014-05-01,13947.0,13546.0,401.0,2056.0,84.8220877011664,5.58852140077821,2014,5
136,Bretagne,2014-05-01,8330.0,8270.0,60.0,350.0,95.76783555018137,22.62857142857143,2014,5
390,Normandie,2014-05-01,8694.0,8618.0,76.0,373.0,95.67184961708053,22.10455764075067,2014,5
16,Auvergne-Rhône-Alpes,2014-05-01,32285.0,31484.0,801.0,2954.0,90.61745648583407,9.658090724441434,2014,5
282,Grand Est,2014-05-01,24647.0,24442.0,205.0,928.0,96.20325668930529,25.338362068965516,2014,5
542,Occitanie,2014-05-01,12924.0,12492.0,432.0,825.0,93.39577329490874,14.141818181818183,2014,5
608,Pays de la Loire,2014-05-01,10442.0,10315.0,127.0,519.0,94.9684924866699,18.8747591522158,2014,5
76,Bourgogne-Franche-Comté,2014-05-01,13014.0,12893.0,121.0,1128.0,91.25106647017762,10.429964539007091,2014,5
450,Nouvelle Aquitaine,2014-05-01,15538.0,15348.0,190.0,1158.0,92.45504300234558,12.253886010362693,2014,5
330,Hauts-de-France,2014-05-01,28834.0,28591.0,243.0,1713.0,94.00860410618726,15.690601284296555,2014,5
137,Bretagne,2014-06-01,7470.0,7253.0,217.0,387.0,94.66427685095823,17.74160206718346,2014,6
77,Bourgogne-Franche-Comté,2014-06-01,10367.0,9936.0,431.0,1129.0,88.63727858293076,7.800708591674048,2014,6
728,Provence-Alpes-Côte d'Azur,2014-06-01,9834.0,9430.0,404.0,1630.0,82.71474019088016,4.785276073619632,2014,6
331,Hauts-de-France,2014-06-01,7840.0,7719.0,121.0,780.0,89.89506412747765,8.896153846153846,2014,6
283,Grand Est,2014-06-01,20833.0,19544.0,1289.0,991.0,94.92939009414654,18.721493440968718,2014,6
609,Pays de la Loire,2014-06-01,7734.0,7525.0,209.0,554.0,92.63787375415282,12.583032490974729,2014,6
17,Auvergne-Rhône-Alpes,2014-06-01,24527.0,21939.0,2588.0,3012.0,86.27102420347326,6.28386454183267,2014,6
391,Normandie,2014-06-01,6735.0,6265.0,470.0,395.0,93.6951316839585,14.860759493670885,2014,6
543,Occitanie,2014-06-01,9981.0,9182.0,799.0,970.0,89.43585275539098,8.465979381443299,2014,6
451,Nouvelle Aquitaine,2014-06-01,12341.0,11161.0,1180.0,1108.0,90.07257414210196,9.073104693140793,2014,6
610,Pays de la Loire,2014-07-01,10970.0,10754.0,216.0,816.0,92.41212572066208,12.178921568627452,2014,7
544,Occitanie,2014-07-01,14092.0,13694.0,398.0,1442.0,89.4698408061925,8.496532593619973,2014,7
284,Grand Est,2014-07-01,22419.0,22116.0,303.0,836.0,96.21993127147766,25.454545454545453,2014,7
452,Nouvelle Aquitaine,2014-07-01,16356.0,15965.0,391.0,1939.0,87.85468211713122,7.2336255801959775,2014,7
729,Provence-Alpes-Côte d'Azur,2014-07-01,14923.0,14388.0,535.0,2373.0,83.5070892410342,5.063211125158028,2014,7
138,Bretagne,2014-07-01,7520.0,7485.0,35.0,298.0,96.0187040748163,24.11744966442953,2014,7
78,Bourgogne-Franche-Comté,2014-07-01,12860.0,12737.0,123.0,1041.0,91.82696082279972,11.235350624399615,2014,7
392,Normandie,2014-07-01,9725.0,9592.0,133.0,518.0,94.59966638865721,17.517374517374517,2014,7
332,Hauts-de-France,2014-07-01,27839.0,27192.0,647.0,2268.0,91.65931156222419,10.989417989417989,2014,7
18,Auvergne-Rhône-Alpes,2014-07-01,31269.0,30886.0,383.0,3347.0,89.16337499190571,8.2279653420974,2014,7
545,Occitanie,2014-08-01,13432.0,13101.0,331.0,1235.0,90.57323868406992,9.608097165991904,2014,8
285,Grand Est,2014-08-01,21366.0,21166.0,200.0,607.0,97.13219313994142,33.869851729818784,2014,8
19,Auvergne-Rhône-Alpes,2014-08-01,29488.0,29090.0,398.0,2070.0,92.88415262976969,13.053140096618357,2014,8
453,Nouvelle Aquitaine,2014-08-01,15956.0,15735.0,221.0,1434.0,90.88655862726407,9.972803347280335,2014,8
139,Bretagne,2014-08-01,7406.0,7372.0,34.0,307.0,95.83559413998915,23.01302931596091,2014,8
611,Pays de la Loire,2014-08-01,10808.0,10698.0,110.0,549.0,94.8681996634885,18.48633879781421,2014,8
79,Bourgogne-Franche-Comté,2014-08-01,12201.0,12097.0,104.0,743.0,93.85798131768207,15.28129205921938,2014,8
393,Normandie,2014-08-01,9443.0,9370.0,73.0,438.0,95.32550693703308,20.39269406392694,2014,8
333,Hauts-de-France,2014-08-01,26453.0,26043.0,410.0,1451.0,94.4284452636025,16.948311509303927,2014,8
730,Provence-Alpes-Côte d'Azur,2014-08-01,14404.0,13842.0,562.0,2228.0,83.90406010692097,5.212746858168761,2014,8
546,Occitanie,2014-09-01,13424.0,13114.0,310.0,1361.0,89.6217782522495,8.635562086700956,2014,9
612,Pays de la Loire,2014-09-01,11013.0,10822.0,191.0,695.0,93.57789687673258,14.571223021582734,2014,9
140,Bretagne,2014-09-01,7982.0,7929.0,53.0,345.0,95.64888384411654,21.982608695652175,2014,9
334,Hauts-de-France,2014-09-01,30023.0,29410.0,613.0,2476.0,91.58109486569194,10.878029079159935,2014,9
20,Auvergne-Rhône-Alpes,2014-09-01,33928.0,33551.0,377.0,3207.0,90.44141754344133,9.461802307452448,2014,9
80,Bourgogne-Franche-Comté,2014-09-01,13658.0,13608.0,50.0,1132.0,91.68136390358613,11.021201413427562,2014,9
454,Nouvelle Aquitaine,2014-09-01,16478.0,16253.0,225.0,1567.0,90.35870300867532,9.372048500319082,2014,9
286,Grand Est,2014-09-01,25771.0,25574.0,197.0,796.0,96.8874638304528,31.128140703517587,2014,9
731,Provence-Alpes-Côte d'Azur,2014-09-01,14036.0,13441.0,595.0,2581.0,80.79755970537906,4.207671445176288,2014,9
394,Normandie,2014-09-01,9183.0,9072.0,111.0,421.0,95.35934744268077,20.548693586698338,2014,9
732,Provence-Alpes-Côte d'Azur,2014-10-01,14114.0,13169.0,945.0,2198.0,83.30928696180423,4.991355777979982,2014,10
335,Hauts-de-France,2014-10-01,31148.0,30655.0,493.0,2920.0,90.47463709019736,9.498287671232877,2014,10
613,Pays de la Loire,2014-10-01,11639.0,11498.0,141.0,940.0,91.82466515915812,11.231914893617022,2014,10
141,Bretagne,2014-10-01,8151.0,8088.0,63.0,545.0,93.26162215628091,13.840366972477064,2014,10
395,Normandie,2014-10-01,9449.0,9360.0,89.0,706.0,92.45726495726495,12.257790368271955,2014,10
287,Grand Est,2014-10-01,26194.0,25902.0,292.0,1204.0,95.3517102926415,20.51328903654485,2014,10
81,Bourgogne-Franche-Comté,2014-10-01,14080.0,13936.0,144.0,1609.0,88.45436280137773,7.661280298321939,2014,10
21,Auvergne-Rhône-Alpes,2014-10-01,36681.0,36090.0,591.0,3952.0,89.04959822665559,8.132085020242915,2014,10
455,Nouvelle Aquitaine,2014-10-01,17131.0,16887.0,244.0,1571.0,90.69698584710132,9.749204328453214,2014,10
547,Occitanie,2014-10-01,13033.0,12623.0,410.0,1442.0,88.57640814386437,7.753814147018031,2014,10
733,Provence-Alpes-Côte d'Azur,2014-11-01,12950.0,12179.0,771.0,3122.0,74.36571147056408,2.9010249839846254,2014,11
142,Bretagne,2014-11-01,7146.0,7087.0,59.0,517.0,92.70495273035135,12.707930367504835,2014,11
614,Pays de la Loire,2014-11-01,10403.0,10273.0,130.0,746.0,92.73824588727733,12.770777479892761,2014,11
82,Bourgogne-Franche-Comté,2014-11-01,12810.0,12655.0,155.0,1413.0,88.83445278546029,7.956121726822364,2014,11
548,Occitanie,2014-11-01,12061.0,11685.0,376.0,1592.0,86.37569533590073,6.339824120603015,2014,11
396,Normandie,2014-11-01,8327.0,8266.0,61.0,541.0,93.45511734817325,14.279112754158964,2014,11
336,Hauts-de-France,2014-11-01,27768.0,27274.0,494.0,2920.0,89.29383295446212,8.34041095890411,2014,11
456,Nouvelle Aquitaine,2014-11-01,15519.0,15281.0,238.0,1696.0,88.90124991819907,8.01002358490566,2014,11
22,Auvergne-Rhône-Alpes,2014-11-01,32827.0,32249.0,578.0,4138.0,87.16859437501938,6.793378443692605,2014,11
288,Grand Est,2014-11-01,23888.0,23709.0,179.0,897.0,96.21662659749462,25.431438127090303,2014,11
734,Provence-Alpes-Côte d'Azur,2014-12-01,13478.0,12367.0,1111.0,2691.0,78.24047869329668,3.59568933481977,2014,12
397,Normandie,2014-12-01,8992.0,8838.0,154.0,573.0,93.51663272233537,14.424083769633508,2014,12
457,Nouvelle Aquitaine,2014-12-01,16802.0,16379.0,423.0,2053.0,87.46565724403199,6.978080857282026,2014,12
143,Bretagne,2014-12-01,8116.0,8034.0,82.0,580.0,92.78068210107045,12.851724137931035,2014,12
337,Hauts-de-France,2014-12-01,29730.0,29022.0,708.0,2508.0,91.3582799255737,10.57177033492823,2014,12
549,Occitanie,2014-12-01,11977.0,11314.0,663.0,1513.0,86.62718755524129,6.477858559153999,2014,12
289,Grand Est,2014-12-01,24742.0,24522.0,220.0,1020.0,95.84046978223635,23.041176470588237,2014,12
615,Pays de la Loire,2014-12-01,11412.0,11169.0,243.0,1010.0,90.9571134389829,10.058415841584159,2014,12
83,Bourgogne-Franche-Comté,2014-12-01,13737.0,13568.0,169.0,1113.0,91.796875,11.19047619047619,2014,12
23,Auvergne-Rhône-Alpes,2014-12-01,32371.0,31249.0,1122.0,3961.0,87.32439438062018,6.889169401666246,2014,12
398,Normandie,2015-01-01,9236.0,9073.0,163.0,486.0,94.64344759175576,17.66872427983539,2015,1
616,Pays de la Loire,2015-01-01,11178.0,10980.0,198.0,941.0,91.42987249544626,10.668437832093517,2015,1
84,Bourgogne-Franche-Comté,2015-01-01,13678.0,13514.0,164.0,962.0,92.88145626757436,13.047817047817048,2015,1
550,Occitanie,2015-01-01,13463.0,13193.0,270.0,1154.0,91.25293716364739,10.432409012131716,2015,1
290,Grand Est,2015-01-01,25515.0,25257.0,258.0,950.0,96.23866650829473,25.586315789473684,2015,1
735,Provence-Alpes-Côte d'Azur,2015-01-01,15384.0,14541.0,843.0,2717.0,81.3149026889485,4.351858667648141,2015,1
458,Nouvelle Aquitaine,2015-01-01,16728.0,16317.0,411.0,1655.0,89.85720414291843,8.859214501510573,2015,1
144,Bretagne,2015-01-01,8409.0,8361.0,48.0,494.0,94.09161583542638,15.925101214574898,2015,1
338,Hauts-de-France,2015-01-01,30369.0,29878.0,491.0,2598.0,91.30463886471651,10.500384911470363,2015,1
24,Auvergne-Rhône-Alpes,2015-01-01,36088.0,35569.0,519.0,3591.0,89.90413000084344,8.905040378724589,2015,1
145,Bretagne,2015-02-01,7892.0,7839.0,53.0,464.0,94.08087766296721,15.894396551724139,2015,2
399,Normandie,2015-02-01,8497.0,8374.0,123.0,391.0,95.33078576546453,20.41687979539642,2015,2
551,Occitanie,2015-02-01,12348.0,12008.0,340.0,1171.0,90.24816788807462,9.254483347566183,2015,2
85,Bourgogne-Franche-Comté,2015-02-01,12266.0,12103.0,163.0,874.0,92.77864992150707,12.847826086956522,2015,2
736,Provence-Alpes-Côte d'Azur,2015-02-01,14362.0,13783.0,579.0,2411.0,82.50743669738083,4.7167150559933635,2015,2
25,Auvergne-Rhône-Alpes,2015-02-01,33194.0,32047.0,1147.0,3938.0,87.71179829625238,7.137887252412392,2015,2
617,Pays de la Loire,2015-02-01,10316.0,10191.0,125.0,846.0,91.6985575507801,11.046099290780141,2015,2
339,Hauts-de-France,2015-02-01,27486.0,26904.0,582.0,2320.0,91.37674695212608,10.596551724137932,2015,2
291,Grand Est,2015-02-01,36072.0,35648.0,424.0,1406.0,96.05587971274686,24.354196301564723,2015,2
459,Nouvelle Aquitaine,2015-02-01,15074.0,14771.0,303.0,1358.0,90.80630966082188,9.877025036818852,2015,2
400,Normandie,2015-03-01,9221.0,9106.0,115.0,427.0,95.31078409839667,20.32552693208431,2015,3
292,Grand Est,2015-03-01,25648.0,25421.0,227.0,958.0,96.23146217694033,25.535490605427974,2015,3
460,Nouvelle Aquitaine,2015-03-01,15990.0,15670.0,320.0,1236.0,92.11231652839821,11.677993527508091,2015,3
26,Auvergne-Rhône-Alpes,2015-03-01,35140.0,34698.0,442.0,2997.0,91.36261455991699,10.577577577577578,2015,3
552,Occitanie,2015-03-01,13088.0,12817.0,271.0,1018.0,92.05742373410314,11.590373280943025,2015,3
86,Bourgogne-Franche-Comté,2015-03-01,13536.0,13436.0,100.0,843.0,93.7258112533492,14.938315539739028,2015,3
618,Pays de la Loire,2015-03-01,11293.0,11197.0,96.0,766.0,93.1588818433509,13.617493472584856,2015,3
146,Bretagne,2015-03-01,8039.0,7972.0,67.0,390.0,95.10787757150025,19.44102564102564,2015,3
340,Hauts-de-France,2015-03-01,30527.0,29575.0,952.0,2579.0,91.27979712595098,10.467623109732454,2015,3
737,Provence-Alpes-Côte d'Azur,2015-03-01,15324.0,14907.0,417.0,2413.0,83.81297377071175,5.177786987152921,2015,3
293,Grand Est,2015-04-01,24041.0,23771.0,270.0,894.0,96.2391148878886,25.589485458612977,2015,4
619,Pays de la Loire,2015-04-01,10970.0,10886.0,84.0,529.0,95.1405474921918,19.578449905482042,2015,4
461,Nouvelle Aquitaine,2015-04-01,15731.0,15441.0,290.0,1539.0,90.03302894890227,9.033138401559453,2015,4
27,Auvergne-Rhône-Alpes,2015-04-01,33524.0,33156.0,368.0,2906.0,91.23537217999758,10.40949759119064,2015,4
341,Hauts-de-France,2015-04-01,10926.0,10719.0,207.0,994.0,90.72674689803154,9.783702213279678,2015,4
87,Bourgogne-Franche-Comté,2015-04-01,13174.0,13084.0,110.0,953.0,92.71629471109752,12.729275970619097,2015,4
401,Normandie,2015-04-01,9000.0,8943.0,57.0,387.0,95.67259308956726,22.108527131782946,2015,4
553,Occitanie,2015-04-01,12657.0,12445.0,212.0,1055.0,91.52269987946967,10.796208530805687,2015,4
147,Bretagne,2015-04-01,8141.0,8097.0,44.0,297.0,96.33197480548351,26.262626262626263,2015,4
738,Provence-Alpes-Côte d'Azur,2015-04-01,14966.0,14550.0,416.0,2640.0,81.85567010309278,4.511363636363637,2015,4
462,Nouvelle Aquitaine,2015-05-01,15140.0,14935.0,205.0,1279.0,91.43622363575494,10.677091477716967,2015,5
28,Auvergne-Rhône-Alpes,2015-05-01,32218.0,31853.0,365.0,2887.0,90.93648949863436,10.033252511257361,2015,5
554,Occitanie,2015-05-01,12569.0,12406.0,163.0,1090.0,91.21392874415605,10.381651376146788,2015,5
402,Normandie,2015-05-01,8428.0,8402.0,26.0,248.0,97.04832182813615,32.87903225806452,2015,5
739,Provence-Alpes-Côte d'Azur,2015-05-01,15272.0,14969.0,303.0,2110.0,85.90420201750284,6.094312796208531,2015,5
342,Hauts-de-France,2015-05-01,27866.0,27437.0,429.0,1966.0,92.83449356708095,12.955747711088504,2015,5
294,Grand Est,2015-05-01,23317.0,23109.0,208.0,642.0,97.22186161235882,34.995327102803735,2015,5
148,Bretagne,2015-05-01,7692.0,7655.0,37.0,265.0,96.53821032005226,27.88679245283019,2015,5
88,Bourgogne-Franche-Comté,2015-05-01,12801.0,12707.0,94.0,942.0,92.58676320138507,12.489384288747345,2015,5
620,Pays de la Loire,2015-05-01,9933.0,9851.0,82.0,525.0,94.67059181808953,17.763809523809524,2015,5
463,Nouvelle Aquitaine,2015-06-01,16075.0,15762.0,313.0,1726.0,89.04961299327496,8.132097334878331,2015,6
149,Bretagne,2015-06-01,8494.0,8446.0,48.0,362.0,95.71394743073644,22.331491712707184,2015,6
740,Provence-Alpes-Côte d'Azur,2015-06-01,15062.0,14554.0,508.0,2477.0,82.98062388346847,4.875656035526847,2015,6
89,Bourgogne-Franche-Comté,2015-06-01,13630.0,13485.0,145.0,1124.0,91.66481275491287,10.997330960854093,2015,6
555,Occitanie,2015-06-01,13211.0,12832.0,379.0,1366.0,89.35473815461347,8.39385065885798,2015,6
29,Auvergne-Rhône-Alpes,2015-06-01,34692.0,34239.0,453.0,3456.0,89.90624726189434,8.907118055555555,2015,6
403,Normandie,2015-06-01,9293.0,9191.0,102.0,446.0,95.14742683059515,19.60762331838565,2015,6
343,Hauts-de-France,2015-06-01,30998.0,30391.0,607.0,2756.0,90.93152578065875,10.02721335268505,2015,6
295,Grand Est,2015-06-01,25721.0,25429.0,292.0,1049.0,95.87478862715797,23.241182078169686,2015,6
621,Pays de la Loire,2015-06-01,11081.0,10868.0,213.0,925.0,91.48877438351123,10.74918918918919,2015,6
741,Provence-Alpes-Côte d'Azur,2015-07-01,15718.0,15118.0,600.0,3141.0,79.22344225426643,3.813116841770137,2015,7
556,Occitanie,2015-07-01,13453.0,13268.0,185.0,1519.0,88.55140186915888,7.73469387755102,2015,7
30,Auvergne-Rhône-Alpes,2015-07-01,33223.0,32588.0,635.0,3769.0,88.4343930281085,7.646325285221544,2015,7
344,Hauts-de-France,2015-07-01,26356.0,25771.0,585.0,1923.0,92.53812424818595,12.40145605824233,2015,7
296,Grand Est,2015-07-01,23033.0,22827.0,206.0,1027.0,95.50094186708722,21.226874391431352,2015,7
150,Bretagne,2015-07-01,7026.0,6986.0,40.0,275.0,96.06355568279416,24.403636363636362,2015,7
622,Pays de la Loire,2015-07-01,10625.0,10442.0,183.0,895.0,91.42884504884123,10.667039106145252,2015,7
464,Nouvelle Aquitaine,2015-07-01,15983.0,15497.0,486.0,1954.0,87.39110795637865,6.930910951893551,2015,7
404,Normandie,2015-07-01,9748.0,9658.0,90.0,467.0,95.16463035825223,19.680942184154176,2015,7
90,Bourgogne-Franche-Comté,2015-07-01,12610.0,12452.0,158.0,1031.0,91.72020558946355,11.077594568380214,2015,7
297,Grand Est,2015-08-01,21738.0,21572.0,166.0,807.0,96.2590394956425,25.73110285006196,2015,8
91,Bourgogne-Franche-Comté,2015-08-01,12137.0,12005.0,132.0,869.0,92.76134943773428,12.814729574223245,2015,8
345,Hauts-de-France,2015-08-01,25510.0,25088.0,422.0,1665.0,93.36336096938776,14.067867867867868,2015,8
405,Normandie,2015-08-01,9553.0,9468.0,85.0,413.0,95.63793831854669,21.92493946731235,2015,8
557,Occitanie,2015-08-01,13245.0,12912.0,333.0,1470.0,88.61524163568774,7.783673469387755,2015,8
31,Auvergne-Rhône-Alpes,2015-08-01,32614.0,32240.0,374.0,2832.0,91.21588089330025,10.384180790960452,2015,8
465,Nouvelle Aquitaine,2015-08-01,16004.0,15774.0,230.0,1697.0,89.24179028781539,8.295226870948733,2015,8
623,Pays de la Loire,2015-08-01,10550.0,10417.0,133.0,800.0,92.32024575213593,12.02125,2015,8
742,Provence-Alpes-Côte d'Azur,2015-08-01,15661.0,15143.0,518.0,2802.0,81.49640097734927,4.40435403283369,2015,8
151,Bretagne,2015-08-01,7050.0,6980.0,70.0,358.0,94.87106017191977,18.497206703910614,2015,8
92,Bourgogne-Franche-Comté,2015-09-01,13385.0,13258.0,127.0,1105.0,91.6654095640368,10.998190045248869,2015,9
743,Provence-Alpes-Côte d'Azur,2015-09-01,15924.0,15444.0,480.0,2542.0,83.54053354053354,5.075531077891424,2015,9
346,Hauts-de-France,2015-09-01,31320.0,30850.0,470.0,2332.0,92.44084278768233,12.228987993138936,2015,9
32,Auvergne-Rhône-Alpes,2015-09-01,34965.0,34306.0,659.0,3853.0,88.7687285023028,7.90371139371918,2015,9
406,Normandie,2015-09-01,9046.0,8947.0,99.0,450.0,94.97038113334078,18.88222222222222,2015,9
152,Bretagne,2015-09-01,8232.0,8140.0,92.0,502.0,93.83292383292384,15.215139442231076,2015,9
298,Grand Est,2015-09-01,25717.0,25467.0,250.0,1135.0,95.54325205167471,21.437885462555066,2015,9
466,Nouvelle Aquitaine,2015-09-01,16823.0,16572.0,251.0,1602.0,90.33309196234613,9.344569288389513,2015,9
624,Pays de la Loire,2015-09-01,11631.0,11456.0,175.0,817.0,92.86836592178771,13.02203182374541,2015,9
558,Occitanie,2015-09-01,13612.0,13319.0,293.0,1386.0,89.59381334935055,8.60966810966811,2015,9
407,Normandie,2015-10-01,8992.0,8634.0,358.0,592.0,93.1433866110725,13.58445945945946,2015,10
299,Grand Est,2015-10-01,25278.0,25050.0,228.0,1073.0,95.71656686626747,22.345759552656105,2015,10
33,Auvergne-Rhône-Alpes,2015-10-01,34486.0,33993.0,493.0,3627.0,89.3301562086312,8.372208436724566,2015,10
467,Nouvelle Aquitaine,2015-10-01,16230.0,15828.0,402.0,1773.0,88.7983320697498,7.927241962774958,2015,10
153,Bretagne,2015-10-01,8185.0,8098.0,87.0,473.0,94.15905161768337,16.120507399577168,2015,10
93,Bourgogne-Franche-Comté,2015-10-01,13500.0,13388.0,112.0,1344.0,89.96115924708694,8.961309523809524,2015,10
625,Pays de la Loire,2015-10-01,11705.0,11526.0,179.0,1020.0,91.15044247787611,10.3,2015,10
559,Occitanie,2015-10-01,12578.0,12020.0,558.0,1256.0,89.55074875207987,8.570063694267516,2015,10
347,Hauts-de-France,2015-10-01,30309.0,29695.0,614.0,2975.0,89.98147836336084,8.981512605042017,2015,10
744,Provence-Alpes-Côte d'Azur,2015-10-01,14986.0,14141.0,845.0,2898.0,79.50639983028074,3.8795721187025536,2015,10
468,Nouvelle Aquitaine,2015-11-01,15752.0,15375.0,377.0,2179.0,85.82764227642276,6.055988985773291,2015,11
560,Occitanie,2015-11-01,12129.0,11728.0,401.0,1654.0,85.89699863574351,6.090689238210399,2015,11
154,Bretagne,2015-11-01,7911.0,7832.0,79.0,647.0,91.73901940755873,11.105100463678516,2015,11
626,Pays de la Loire,2015-11-01,11013.0,10833.0,180.0,1235.0,88.599649219976,7.77165991902834,2015,11
300,Grand Est,2015-11-01,24101.0,23803.0,298.0,1413.0,94.06377347393186,15.845718329794764,2015,11
348,Hauts-de-France,2015-11-01,29638.0,29030.0,608.0,3824.0,86.82741991043748,6.59152719665272,2015,11
745,Provence-Alpes-Côte d'Azur,2015-11-01,14901.0,14345.0,556.0,2594.0,81.91704426629488,4.5300693909020815,2015,11
94,Bourgogne-Franche-Comté,2015-11-01,12760.0,12646.0,114.0,1398.0,88.94512098687332,8.045779685264664,2015,11
408,Normandie,2015-11-01,8139.0,7815.0,324.0,760.0,90.27511196417146,9.282894736842104,2015,11
34,Auvergne-Rhône-Alpes,2015-11-01,32932.0,31995.0,937.0,4260.0,86.685419596812,6.51056338028169,2015,11
35,Auvergne-Rhône-Alpes,2015-12-01,34007.0,33575.0,432.0,3528.0,89.4921816827997,8.51672335600907,2015,12
349,Hauts-de-France,2015-12-01,30285.0,29628.0,657.0,2018.0,93.18887538814634,13.681863230921705,2015,12
746,Provence-Alpes-Côte d'Azur,2015-12-01,14702.0,14029.0,673.0,1961.0,86.02181196093805,6.154003059663437,2015,12
469,Nouvelle Aquitaine,2015-12-01,16376.0,15709.0,667.0,1859.0,88.1660194792794,7.450242065626681,2015,12
301,Grand Est,2015-12-01,25098.0,24784.0,314.0,1051.0,95.7593608779858,22.581351094196005,2015,12
561,Occitanie,2015-12-01,12895.0,12599.0,296.0,1272.0,89.90396063179618,8.904874213836479,2015,12
155,Bretagne,2015-12-01,8447.0,8344.0,103.0,412.0,95.06232023010547,19.25242718446602,2015,12
95,Bourgogne-Franche-Comté,2015-12-01,12970.0,12621.0,349.0,1081.0,91.43491007051739,10.675300647548566,2015,12
409,Normandie,2015-12-01,9191.0,9019.0,172.0,517.0,94.26765716820047,16.444874274661508,2015,12
627,Pays de la Loire,2015-12-01,11889.0,11730.0,159.0,1117.0,90.4774083546462,9.501342882721575,2015,12
96,Bourgogne-Franche-Comté,2016-01-01,13497.0,13373.0,124.0,1025.0,92.33530247513647,12.046829268292683,2016,1
156,Bretagne,2016-01-01,7824.0,7747.0,77.0,558.0,92.79721182393185,12.883512544802867,2016,1
562,Occitanie,2016-01-01,12901.0,12638.0,263.0,1366.0,89.19132774173129,8.251830161054173,2016,1
410,Normandie,2016-01-01,9032.0,8926.0,106.0,491.0,94.49921577414295,17.179226069246436,2016,1
350,Hauts-de-France,2016-01-01,30355.0,29725.0,630.0,2356.0,92.0740117746005,11.61672325976231,2016,1
302,Grand Est,2016-01-01,38599.0,37960.0,639.0,2015.0,94.6917808219178,17.838709677419356,2016,1
36,Auvergne-Rhône-Alpes,2016-01-01,35074.0,34634.0,440.0,3689.0,89.34861696598718,8.388452155055571,2016,1
747,Provence-Alpes-Côte d'Azur,2016-01-01,15923.0,15387.0,536.0,1952.0,87.31396633521804,6.882684426229508,2016,1
470,Nouvelle Aquitaine,2016-01-01,16102.0,15694.0,408.0,1768.0,88.73454823499426,7.876696832579186,2016,1
628,Pays de la Loire,2016-01-01,11320.0,11231.0,89.0,797.0,92.90357047457928,13.09159347553325,2016,1
471,Nouvelle Aquitaine,2016-02-01,15497.0,15113.0,384.0,1810.0,88.02355587904454,7.349723756906077,2016,2
37,Auvergne-Rhône-Alpes,2016-02-01,32238.0,31712.0,526.0,3623.0,88.57530272452068,7.7529671542920235,2016,2
351,Hauts-de-France,2016-02-01,29533.0,28532.0,1001.0,2656.0,90.69115379223328,9.742469879518072,2016,2
563,Occitanie,2016-02-01,12725.0,12496.0,229.0,1185.0,90.51696542893725,9.545147679324895,2016,2
303,Grand Est,2016-02-01,36911.0,36399.0,512.0,1770.0,95.13722904475398,19.564406779661017,2016,2
748,Provence-Alpes-Côte d'Azur,2016-02-01,14010.0,13707.0,303.0,1771.0,87.07959436784125,6.7396950875211745,2016,2
97,Bourgogne-Franche-Comté,2016-02-01,13065.0,12930.0,135.0,1145.0,91.14462490332559,10.292576419213974,2016,2
411,Normandie,2016-02-01,8827.0,8650.0,177.0,383.0,95.57225433526011,21.58485639686684,2016,2
157,Bretagne,2016-02-01,7859.0,7761.0,98.0,353.0,95.45161705965727,20.98583569405099,2016,2
629,Pays de la Loire,2016-02-01,11114.0,10983.0,131.0,736.0,93.29873440772103,13.922554347826088,2016,2
98,Bourgogne-Franche-Comté,2016-03-01,12919.0,12728.0,191.0,936.0,92.64613450659962,12.598290598290598,2016,3
630,Pays de la Loire,2016-03-01,11138.0,10946.0,192.0,806.0,92.63657957244655,12.580645161290322,2016,3
564,Occitanie,2016-03-01,12374.0,12135.0,239.0,1187.0,90.21837659662134,9.223251895534963,2016,3
472,Nouvelle Aquitaine,2016-03-01,15072.0,14782.0,290.0,1544.0,89.55486402381274,8.573834196891191,2016,3
304,Grand Est,2016-03-01,36896.0,36318.0,578.0,1535.0,95.77344567432127,22.659934853420197,2016,3
412,Normandie,2016-03-01,8732.0,8631.0,101.0,439.0,94.91368323485112,18.660592255125284,2016,3
38,Auvergne-Rhône-Alpes,2016-03-01,33109.0,32654.0,455.0,3756.0,88.49758069455503,7.693823216187433,2016,3
158,Bretagne,2016-03-01,7833.0,7726.0,107.0,439.0,94.31788765208387,16.59908883826879,2016,3
352,Hauts-de-France,2016-03-01,28366.0,27484.0,882.0,2364.0,91.39863193130549,10.62605752961083,2016,3
749,Provence-Alpes-Côte d'Azur,2016-03-01,15247.0,14727.0,520.0,1989.0,86.49419433693217,6.40422322775264,2016,3
750,Provence-Alpes-Côte d'Azur,2016-04-01,13954.0,13507.0,447.0,2054.0,84.79307025986526,5.575949367088608,2016,4
39,Auvergne-Rhône-Alpes,2016-04-01,30757.0,30374.0,383.0,3423.0,88.73049318496082,7.873502775343266,2016,4
473,Nouvelle Aquitaine,2016-04-01,14848.0,14181.0,221.0,1559.0,89.00641703688034,8.096215522771008,2016,4
353,Hauts-de-France,2016-04-01,28326.0,27797.0,529.0,1825.0,93.43454329603914,14.231232876712328,2016,4
631,Pays de la Loire,2016-04-01,11027.0,10897.0,130.0,742.0,93.19078645498762,13.685983827493262,2016,4
159,Bretagne,2016-04-01,7836.0,7760.0,76.0,383.0,95.06443298969072,19.261096605744125,2016,4
305,Grand Est,2016-04-01,36796.0,36362.0,434.0,1678.0,95.38529233815521,20.66984505363528,2016,4
99,Bourgogne-Franche-Comté,2016-04-01,12566.0,12369.0,197.0,1108.0,91.0421214326138,10.163357400722022,2016,4
565,Occitanie,2016-04-01,11369.0,11182.0,187.0,988.0,91.1643713110356,10.317813765182187,2016,4
413,Normandie,2016-04-01,8798.0,8661.0,137.0,571.0,93.40722780279414,14.168126094570928,2016,4
354,Hauts-de-France,2016-05-01,26987.0,25922.0,1065.0,2155.0,91.68659825630738,11.02877030162413,2016,5
306,Grand Est,2016-05-01,36059.0,35297.0,762.0,1733.0,95.09023429753236,19.367570686670515,2016,5
40,Auvergne-Rhône-Alpes,2016-05-01,29234.0,28790.0,444.0,3241.0,88.74261896491838,7.883060783708732,2016,5
100,Bourgogne-Franche-Comté,2016-05-01,12168.0,11935.0,233.0,1111.0,90.69124423963133,9.742574257425742,2016,5
160,Bretagne,2016-05-01,7652.0,7560.0,92.0,345.0,95.43650793650794,20.91304347826087,2016,5
414,Normandie,2016-05-01,7763.0,7599.0,164.0,555.0,92.69640742202921,12.691891891891892,2016,5
751,Provence-Alpes-Côte d'Azur,2016-05-01,14403.0,13948.0,455.0,2126.0,84.75767135073129,5.560677328316086,2016,5
632,Pays de la Loire,2016-05-01,9853.0,9731.0,122.0,782.0,91.96382694481554,11.44373401534527,2016,5
474,Nouvelle Aquitaine,2016-05-01,13856.0,13584.0,272.0,1774.0,86.94051825677268,6.657271702367531,2016,5
566,Occitanie,2016-05-01,10634.0,10384.0,250.0,1176.0,88.6748844375963,7.829931972789115,2016,5
307,Grand Est,2016-06-01,30756.0,29854.0,902.0,1946.0,93.48161050445502,14.341212744090441,2016,6
355,Hauts-de-France,2016-06-01,23951.0,22962.0,989.0,2572.0,88.79888511453706,7.927682737169518,2016,6
161,Bretagne,2016-06-01,7438.0,7355.0,83.0,327.0,95.55404486743711,21.492354740061163,2016,6
101,Bourgogne-Franche-Comté,2016-06-01,10079.0,9641.0,438.0,1116.0,88.42443729903538,7.638888888888889,2016,6
475,Nouvelle Aquitaine,2016-06-01,10748.0,10507.0,241.0,1352.0,87.13238793185495,6.771449704142012,2016,6
567,Occitanie,2016-06-01,8114.0,7875.0,239.0,1068.0,86.43809523809524,6.373595505617978,2016,6
415,Normandie,2016-06-01,6680.0,6567.0,113.0,535.0,91.85320542104462,11.274766355140187,2016,6
633,Pays de la Loire,2016-06-01,8836.0,8730.0,106.0,794.0,90.9049255441008,9.994962216624685,2016,6
41,Auvergne-Rhône-Alpes,2016-06-01,23673.0,23266.0,407.0,3418.0,85.30903464282645,5.806904622586308,2016,6
752,Provence-Alpes-Côte d'Azur,2016-06-01,10050.0,9761.0,289.0,1783.0,81.73342895195164,4.4744812114413905,2016,6
416,Normandie,2016-07-01,9211.0,9084.0,127.0,489.0,94.61690885072655,17.57668711656442,2016,7
476,Nouvelle Aquitaine,2016-07-01,16231.0,15933.0,298.0,1829.0,88.52068034896128,7.711317659923456,2016,7
102,Bourgogne-Franche-Comté,2016-07-01,11826.0,11657.0,169.0,1081.0,90.72660204169169,9.783533765032377,2016,7
42,Auvergne-Rhône-Alpes,2016-07-01,31233.0,30760.0,473.0,3184.0,89.64889466840052,8.660804020100503,2016,7
162,Bretagne,2016-07-01,6999.0,6969.0,30.0,393.0,94.36074042186827,16.732824427480917,2016,7
356,Hauts-de-France,2016-07-01,25061.0,24413.0,648.0,1826.0,92.52037848687175,12.369660460021906,2016,7
308,Grand Est,2016-07-01,34457.0,34057.0,400.0,1513.0,95.55744780808644,21.509583608724387,2016,7
634,Pays de la Loire,2016-07-01,10566.0,10469.0,97.0,940.0,91.02110994364314,10.13723404255319,2016,7
753,Provence-Alpes-Côte d'Azur,2016-07-01,14710.0,14117.0,593.0,2602.0,81.56832188141956,4.42544196771714,2016,7
568,Occitanie,2016-07-01,12704.0,12441.0,263.0,1575.0,87.34024596093562,6.899047619047619,2016,7
635,Pays de la Loire,2016-08-01,11106.0,10953.0,153.0,817.0,92.54085638637817,12.406364749082007,2016,8
417,Normandie,2016-08-01,9379.0,9283.0,96.0,445.0,95.2062910696973,19.86067415730337,2016,8
754,Provence-Alpes-Côte d'Azur,2016-08-01,15700.0,15269.0,431.0,2322.0,84.7927172702862,5.575796726959518,2016,8
569,Occitanie,2016-08-01,13045.0,12799.0,246.0,1489.0,88.36627861551683,7.595701813297515,2016,8
43,Auvergne-Rhône-Alpes,2016-08-01,30696.0,30339.0,357.0,2641.0,91.29503279607107,10.48769405528209,2016,8
163,Bretagne,2016-08-01,7212.0,7159.0,53.0,276.0,96.14471294873586,24.93840579710145,2016,8
477,Nouvelle Aquitaine,2016-08-01,16906.0,16651.0,255.0,1694.0,89.8264368506396,8.82939787485242,2016,8
103,Bourgogne-Franche-Comté,2016-08-01,12174.0,12060.0,114.0,902.0,92.52072968490879,12.37028824833703,2016,8
357,Hauts-de-France,2016-08-01,26042.0,25483.0,559.0,1846.0,92.75595495035907,12.804442036836402,2016,8
309,Grand Est,2016-08-01,33501.0,33268.0,233.0,1082.0,96.74762534567753,29.746765249537894,2016,8
164,Bretagne,2016-09-01,8417.0,8341.0,76.0,359.0,95.6959597170603,22.233983286908078,2016,9
418,Normandie,2016-09-01,8886.0,8785.0,101.0,444.0,94.94593056346045,18.786036036036037,2016,9
358,Hauts-de-France,2016-09-01,30906.0,30285.0,621.0,2260.0,92.53755984810962,12.400442477876107,2016,9
636,Pays de la Loire,2016-09-01,11484.0,11313.0,171.0,962.0,91.49650844161584,10.75987525987526,2016,9
570,Occitanie,2016-09-01,13163.0,12908.0,255.0,1473.0,88.58847226526186,7.76306856754922,2016,9
755,Provence-Alpes-Côte d'Azur,2016-09-01,14756.0,14298.0,458.0,1994.0,86.05399356553364,6.170511534603811,2016,9
44,Auvergne-Rhône-Alpes,2016-09-01,33366.0,32801.0,565.0,4204.0,87.18331758178104,6.8023311132255,2016,9
310,Grand Est,2016-09-01,41842.0,41202.0,640.0,1867.0,95.468666569584,21.06855918585967,2016,9
104,Bourgogne-Franche-Comté,2016-09-01,13408.0,13292.0,116.0,1237.0,90.69365031597954,9.745351657235247,2016,9
478,Nouvelle Aquitaine,2016-09-01,16957.0,16616.0,341.0,1988.0,88.03562831006259,7.358148893360161,2016,9
311,Grand Est,2016-10-01,40904.0,40448.0,456.0,2251.0,94.4348299050633,16.968902709906708,2016,10
359,Hauts-de-France,2016-10-01,29815.0,29263.0,552.0,2699.0,90.77674879540717,9.842163764357169,2016,10
105,Bourgogne-Franche-Comté,2016-10-01,13437.0,13316.0,121.0,1319.0,90.09462300991288,9.095526914329037,2016,10
479,Nouvelle Aquitaine,2016-10-01,15939.0,15614.0,325.0,1969.0,87.38952222364544,6.929913661757237,2016,10
165,Bretagne,2016-10-01,8078.0,8019.0,59.0,351.0,95.62289562289563,21.846153846153847,2016,10
45,Auvergne-Rhône-Alpes,2016-10-01,32405.0,31944.0,461.0,4016.0,87.42799899824693,6.9541832669322705,2016,10
419,Normandie,2016-10-01,8958.0,8870.0,88.0,425.0,95.2085682074408,19.870588235294118,2016,10
756,Provence-Alpes-Côte d'Azur,2016-10-01,15096.0,14581.0,515.0,2334.0,83.9928674302174,5.2472150814053125,2016,10
637,Pays de la Loire,2016-10-01,11512.0,11381.0,131.0,1028.0,90.96740181003426,10.071011673151752,2016,10
571,Occitanie,2016-10-01,12845.0,12667.0,178.0,1512.0,88.06347201389437,7.377645502645502,2016,10
420,Normandie,2016-11-01,8510.0,8341.0,169.0,949.0,88.62246733005635,7.7892518440463645,2016,11
360,Hauts-de-France,2016-11-01,28980.0,28326.0,654.0,4352.0,84.63602344136129,5.508731617647059,2016,11
757,Provence-Alpes-Côte d'Azur,2016-11-01,15410.0,14986.0,424.0,2285.0,84.75243560656612,5.558424507658644,2016,11
312,Grand Est,2016-11-01,40127.0,39520.0,607.0,2995.0,92.42155870445345,12.195325542570952,2016,11
638,Pays de la Loire,2016-11-01,11051.0,10854.0,197.0,1982.0,81.73945089367975,4.476286579212916,2016,11
572,Occitanie,2016-11-01,12687.0,12182.0,505.0,1744.0,85.68379576424232,5.985091743119266,2016,11
46,Auvergne-Rhône-Alpes,2016-11-01,31108.0,30604.0,504.0,4939.0,83.86158672069011,5.1963960315853415,2016,11
106,Bourgogne-Franche-Comté,2016-11-01,12781.0,12546.0,235.0,2040.0,83.73983739837398,5.15,2016,11
480,Nouvelle Aquitaine,2016-11-01,16211.0,15950.0,261.0,2463.0,84.55799373040752,5.4758424685343075,2016,11
166,Bretagne,2016-11-01,7885.0,7763.0,122.0,950.0,87.76246296534845,7.171578947368421,2016,11
313,Grand Est,2016-12-01,41293.0,40381.0,912.0,2172.0,94.62123275798024,17.591620626151013,2016,12
47,Auvergne-Rhône-Alpes,2016-12-01,33638.0,33072.0,566.0,4678.0,85.85510401548137,6.069687900812313,2016,12
639,Pays de la Loire,2016-12-01,10644.0,10460.0,184.0,1071.0,89.76099426386233,8.766573295985062,2016,12
107,Bourgogne-Franche-Comté,2016-12-01,13482.0,13270.0,212.0,1470.0,88.92238131122834,8.02721088435374,2016,12
758,Provence-Alpes-Côte d'Azur,2016-12-01,15233.0,14436.0,797.0,2287.0,84.15766140205044,5.312199387844338,2016,12
361,Hauts-de-France,2016-12-01,29604.0,29084.0,520.0,2572.0,91.15664970430477,10.307931570762053,2016,12
167,Bretagne,2016-12-01,8343.0,8266.0,77.0,383.0,95.36656181950157,20.5822454308094,2016,12
573,Occitanie,2016-12-01,12764.0,12437.0,327.0,1665.0,86.61252713676932,6.46966966966967,2016,12
421,Normandie,2016-12-01,9192.0,9030.0,162.0,606.0,93.2890365448505,13.900990099009901,2016,12
481,Nouvelle Aquitaine,2016-12-01,17581.0,17184.0,397.0,2073.0,87.93645251396649,7.289435600578871,2016,12
48,Auvergne-Rhône-Alpes,2017-01-01,36266.0,35578.0,688.0,4841.0,86.39327674405531,6.349307994216071,2017,1
108,Bourgogne-Franche-Comté,2017-01-01,13544.0,13331.0,213.0,1410.0,89.42314905108394,8.454609929078014,2017,1
362,Hauts-de-France,2017-01-01,31401.0,30775.0,626.0,2976.0,90.3298131600325,9.34106182795699,2017,1
422,Normandie,2017-01-01,9302.0,9169.0,133.0,553.0,93.96880793979714,15.580470162748643,2017,1
759,Provence-Alpes-Côte d'Azur,2017-01-01,15760.0,15094.0,666.0,2294.0,84.80190804293096,5.579773321708806,2017,1
168,Bretagne,2017-01-01,8208.0,8147.0,61.0,320.0,96.07217380630907,24.459375,2017,1
574,Occitanie,2017-01-01,13224.0,12890.0,334.0,1842.0,85.70985259891388,5.997828447339848,2017,1
482,Nouvelle Aquitaine,2017-01-01,17687.0,17228.0,459.0,1964.0,88.59995356396564,7.771894093686354,2017,1
640,Pays de la Loire,2017-01-01,11347.0,11112.0,235.0,1002.0,90.98272138228941,10.089820359281438,2017,1
109,Bourgogne-Franche-Comté,2017-02-01,12002.0,11878.0,124.0,1090.0,90.82337093786833,9.897247706422018,2017,2
169,Bretagne,2017-02-01,7442.0,7398.0,44.0,146.0,98.0264936469316,49.67123287671233,2017,2
49,Auvergne-Rhône-Alpes,2017-02-01,32163.0,31810.0,353.0,3559.0,88.81169443571204,7.937903905591458,2017,2
641,Pays de la Loire,2017-02-01,10741.0,10604.0,137.0,672.0,93.6627687665032,14.779761904761905,2017,2
575,Occitanie,2017-02-01,10969.0,10728.0,241.0,1294.0,87.93810589112603,7.290571870170015,2017,2
423,Normandie,2017-02-01,8495.0,8387.0,108.0,372.0,95.56456420651007,21.545698924731184,2017,2
760,Provence-Alpes-Côte d'Azur,2017-02-01,13984.0,13553.0,431.0,1796.0,86.74832140485502,6.546213808463252,2017,2
363,Hauts-de-France,2017-02-01,27782.0,27443.0,339.0,2055.0,92.51175163065263,12.354257907542578,2017,2
483,Nouvelle Aquitaine,2017-02-01,15448.0,15060.0,388.0,1525.0,89.8738379814077,8.875409836065574,2017,2
576,Occitanie,2017-03-01,13207.0,12952.0,255.0,1426.0,88.99011735639283,8.082748948106591,2017,3
761,Provence-Alpes-Côte d'Azur,2017-03-01,15573.0,15207.0,366.0,2016.0,86.74294732688894,6.543154761904762,2017,3
424,Normandie,2017-03-01,9539.0,9450.0,89.0,441.0,95.33333333333333,20.428571428571427,2017,3
364,Hauts-de-France,2017-03-01,31919.0,31466.0,453.0,2229.0,92.91616347803979,13.116644235082997,2017,3
110,Bourgogne-Franche-Comté,2017-03-01,13428.0,13219.0,209.0,1142.0,91.36091988803994,10.575306479859895,2017,3
642,Pays de la Loire,2017-03-01,11972.0,11742.0,230.0,822.0,92.99948901379663,13.284671532846716,2017,3
170,Bretagne,2017-03-01,8349.0,8265.0,84.0,224.0,97.28977616454931,35.89732142857143,2017,3
50,Auvergne-Rhône-Alpes,2017-03-01,36241.0,35403.0,838.0,3953.0,88.83427958082649,7.9559827978750315,2017,3
484,Nouvelle Aquitaine,2017-03-01,17305.0,16961.0,344.0,1307.0,92.29408643358292,11.977046671767406,2017,3
485,Nouvelle Aquitaine,2017-04-01,15774.0,15470.0,304.0,1220.0,92.11376858435682,11.680327868852459,2017,4
51,Auvergne-Rhône-Alpes,2017-04-01,30342.0,29967.0,375.0,2982.0,90.04905395935529,9.049295774647888,2017,4
365,Hauts-de-France,2017-04-01,28821.0,28447.0,374.0,1811.0,93.63377509051921,14.707896189950304,2017,4
577,Occitanie,2017-04-01,12210.0,11994.0,216.0,1168.0,90.26179756544938,9.268835616438356,2017,4
425,Normandie,2017-04-01,8701.0,8645.0,56.0,397.0,95.40775014459226,20.775818639798487,2017,4
171,Bretagne,2017-04-01,7378.0,7303.0,75.0,874.0,88.03231548678625,7.355835240274599,2017,4
111,Bourgogne-Franche-Comté,2017-04-01,12391.0,12308.0,83.0,861.0,93.00454988625285,13.29500580720093,2017,4
643,Pays de la Loire,2017-04-01,10905.0,10808.0,97.0,599.0,94.45780903034789,17.043405676126877,2017,4
762,Provence-Alpes-Côte d'Azur,2017-04-01,14840.0,14467.0,373.0,2321.0,83.9565908619617,5.233089185695821,2017,4
578,Occitanie,2017-05-01,12815.0,12613.0,202.0,1064.0,91.56425909775628,10.854323308270677,2017,5
112,Bourgogne-Franche-Comté,2017-05-01,13024.0,15953.0,71.0,933.0,94.15157023757287,16.09860664523044,2017,5
52,Auvergne-Rhône-Alpes,2017-05-01,32295.0,31638.0,657.0,3569.0,88.71926164738605,7.864667974222471,2017,5
763,Provence-Alpes-Côte d'Azur,2017-05-01,15683.0,15337.0,346.0,2376.0,84.50805242224685,5.45496632996633,2017,5
172,Bretagne,2017-05-01,8133.0,8046.0,87.0,256.0,96.81829480487198,30.4296875,2017,5
486,Nouvelle Aquitaine,2017-05-01,16922.0,16587.0,335.0,1410.0,91.49936697413638,10.763829787234043,2017,5
366,Hauts-de-France,2017-05-01,29814.0,29418.0,396.0,2555.0,91.31484125365422,10.51389432485323,2017,5
426,Normandie,2017-05-01,8946.0,8853.0,93.0,518.0,94.14887608720208,16.090733590733592,2017,5
644,Pays de la Loire,2017-05-01,11367.0,11252.0,115.0,740.0,93.42339139708496,14.205405405405406,2017,5
113,Bourgogne-Franche-Comté,2017-06-01,12914.0,12826.0,88.0,1172.0,90.86231093092157,9.943686006825939,2017,6
173,Bretagne,2017-06-01,7956.0,7855.0,101.0,410.0,94.7803946530872,18.158536585365855,2017,6
645,Pays de la Loire,2017-06-01,11373.0,11167.0,206.0,1051.0,90.58834064654786,9.62511893434824,2017,6
487,Nouvelle Aquitaine,2017-06-01,16522.0,16008.0,514.0,1847.0,88.46201899050475,7.667027612344342,2017,6
579,Occitanie,2017-06-01,13044.0,12740.0,304.0,1382.0,89.15227629513343,8.218523878437047,2017,6
367,Hauts-de-France,2017-06-01,29798.0,29089.0,709.0,3090.0,89.37742789370553,8.413915857605177,2017,6
53,Auvergne-Rhône-Alpes,2017-06-01,31959.0,31448.0,511.0,3666.0,88.34266090053421,7.578286961265684,2017,6
427,Normandie,2017-06-01,9107.0,8936.0,171.0,665.0,92.55819158460162,12.437593984962406,2017,6
764,Provence-Alpes-Côte d'Azur,2017-06-01,14891.0,14456.0,435.0,2402.0,83.38406198118429,5.018318068276436,2017,6
580,Occitanie,2017-07-01,12617.0,12355.0,262.0,1487.0,87.96438688789964,7.308675184936113,2017,7
54,Auvergne-Rhône-Alpes,2017-07-01,31664.0,31183.0,481.0,3439.0,88.97155501394991,8.067461471357953,2017,7
488,Nouvelle Aquitaine,2017-07-01,16962.0,16662.0,300.0,1767.0,89.3950306085704,8.429541595925297,2017,7
428,Normandie,2017-07-01,9104.0,8998.0,106.0,555.0,93.83196265836852,15.212612612612613,2017,7
646,Pays de la Loire,2017-07-01,11635.0,11466.0,169.0,841.0,92.66527123669981,12.633769322235434,2017,7
368,Hauts-de-France,2017-07-01,24328.0,23919.0,409.0,1754.0,92.66691751327397,12.636830102622577,2017,7
765,Provence-Alpes-Côte d'Azur,2017-07-01,14918.0,14405.0,513.0,2668.0,81.4786532454009,4.399175412293853,2017,7
114,Bourgogne-Franche-Comté,2017-07-01,11816.0,11639.0,177.0,1035.0,91.10748346077841,10.245410628019323,2017,7
174,Bretagne,2017-07-01,7493.0,7456.0,37.0,278.0,96.27145922746782,25.820143884892087,2017,7
766,Provence-Alpes-Côte d'Azur,2017-08-01,14967.0,14450.0,517.0,2639.0,81.73702422145328,4.475558923834786,2017,8
55,Auvergne-Rhône-Alpes,2017-08-01,31490.0,31059.0,431.0,3109.0,89.99001899610418,8.99002894821486,2017,8
115,Bourgogne-Franche-Comté,2017-08-01,12261.0,12107.0,154.0,832.0,93.12794251259602,13.551682692307692,2017,8
647,Pays de la Loire,2017-08-01,12286.0,12050.0,236.0,715.0,94.06639004149378,15.853146853146853,2017,8
581,Occitanie,2017-08-01,12919.0,12705.0,214.0,1374.0,89.185360094451,8.246724890829695,2017,8
489,Nouvelle Aquitaine,2017-08-01,17691.0,17288.0,403.0,1435.0,91.69944470152707,11.047386759581881,2017,8
175,Bretagne,2017-08-01,8191.0,8146.0,45.0,265.0,96.7468696292659,29.739622641509435,2017,8
369,Hauts-de-France,2017-08-01,24994.0,24698.0,296.0,1651.0,93.31524819823467,13.959418534221683,2017,8
429,Normandie,2017-08-01,9311.0,9320.0,81.0,404.0,95.66523605150215,22.06930693069307,2017,8
56,Auvergne-Rhône-Alpes,2017-09-01,32514.0,32165.0,349.0,3151.0,90.20363749417068,9.207870517296097,2017,9
582,Occitanie,2017-09-01,12243.0,12011.0,232.0,1261.0,89.50129048372325,8.52498017446471,2017,9
176,Bretagne,2017-09-01,9024.0,8920.0,104.0,393.0,95.59417040358744,21.697201017811704,2017,9
490,Nouvelle Aquitaine,2017-09-01,16310.0,15995.0,315.0,1676.0,89.52172553923101,8.543556085918855,2017,9
370,Hauts-de-France,2017-09-01,29211.0,28728.0,483.0,2819.0,90.18727373990532,9.19084781837531,2017,9
430,Normandie,2017-09-01,8871.0,8812.0,59.0,484.0,94.50748978665456,17.206611570247933,2017,9
767,Provence-Alpes-Côte d'Azur,2017-09-01,14396.0,13981.0,415.0,2148.0,84.6362921107217,5.508845437616388,2017,9
116,Bourgogne-Franche-Comté,2017-09-01,11827.0,12344.0,113.0,1143.0,90.74044069993519,9.799650043744531,2017,9
648,Pays de la Loire,2017-09-01,12309.0,12091.0,218.0,905.0,92.51509387147465,12.360220994475139,2017,9
177,Bretagne,2017-10-01,9098.0,8989.0,109.0,516.0,94.25965068416954,16.420542635658915,2017,10
583,Occitanie,2017-10-01,12284.0,12083.0,201.0,1689.0,86.02168335678226,6.153937240970989,2017,10
117,Bourgogne-Franche-Comté,2017-10-01,13117.0,13020.0,97.0,1228.0,90.56835637480799,9.602605863192183,2017,10
491,Nouvelle Aquitaine,2017-10-01,17112.0,16797.0,315.0,1798.0,89.2957075668274,8.342046718576196,2017,10
649,Pays de la Loire,2017-10-01,13036.0,12858.0,178.0,1154.0,91.02504277492612,10.1421143847487,2017,10
768,Provence-Alpes-Côte d'Azur,2017-10-01,15322.0,14841.0,481.0,2225.0,85.00774880398895,5.670112359550561,2017,10
431,Normandie,2017-10-01,9257.0,9159.0,98.0,649.0,92.91407358881975,13.112480739599384,2017,10
371,Hauts-de-France,2017-10-01,30958.0,30500.0,458.0,3344.0,89.03606557377049,8.120813397129186,2017,10
57,Auvergne-Rhône-Alpes,2017-10-01,33634.0,33123.0,511.0,3729.0,88.74196177882438,7.882542236524538,2017,10
118,Bourgogne-Franche-Comté,2017-11-01,12569.0,12359.0,210.0,1361.0,88.98778218302452,8.080822924320353,2017,11
584,Occitanie,2017-11-01,12416.0,12176.0,240.0,1722.0,85.85742444152432,6.070847851335656,2017,11
178,Bretagne,2017-11-01,8902.0,8807.0,95.0,569.0,93.539230157829,14.478031634446397,2017,11
769,Provence-Alpes-Côte d'Azur,2017-11-01,15011.0,14505.0,506.0,2750.0,81.04102033781454,4.274545454545454,2017,11
650,Pays de la Loire,2017-11-01,12465.0,12244.0,221.0,1717.0,85.97680496569748,6.131042516016308,2017,11
58,Auvergne-Rhône-Alpes,2017-11-01,32366.0,31930.0,436.0,3995.0,87.4882555590354,6.992490613266583,2017,11
372,Hauts-de-France,2017-11-01,29353.0,28935.0,418.0,3938.0,86.39018489718335,6.347638395124429,2017,11
432,Normandie,2017-11-01,8742.0,8614.0,128.0,708.0,91.78082191780823,11.166666666666666,2017,11
492,Nouvelle Aquitaine,2017-11-01,16712.0,16335.0,377.0,1962.0,87.98898071625344,7.325688073394495,2017,11
59,Auvergne-Rhône-Alpes,2017-12-01,32540.0,31967.0,573.0,4251.0,86.70191134607565,6.519877675840979,2017,12
770,Provence-Alpes-Côte d'Azur,2017-12-01,15094.0,14110.0,984.0,2256.0,84.01133947554925,5.254432624113475,2017,12
433,Normandie,2017-12-01,8828.0,8641.0,187.0,689.0,92.0263858349728,11.541364296081277,2017,12
585,Occitanie,2017-12-01,12533.0,12142.0,391.0,1663.0,86.303739087465,6.301262778111846,2017,12
373,Hauts-de-France,2017-12-01,28506.0,27970.0,536.0,3111.0,88.87736860922416,7.990678238508518,2017,12
179,Bretagne,2017-12-01,9266.0,9167.0,99.0,524.0,94.2838442238464,16.494274809160306,2017,12
651,Pays de la Loire,2017-12-01,12465.0,12160.0,305.0,1478.0,87.84539473684211,7.227334235453315,2017,12
493,Nouvelle Aquitaine,2017-12-01,17170.0,16673.0,497.0,2001.0,87.99856054699214,7.332333833083458,2017,12
119,Bourgogne-Franche-Comté,2017-12-01,13226.0,13008.0,218.0,1171.0,90.99784747847478,10.108454312553373,2017,12
586,Occitanie,2018-01-01,12068.0,11812.0,256.0,1306.0,88.94344734168642,8.044410413476264,2018,1
494,Nouvelle Aquitaine,2018-01-01,17703.0,17271.0,432.0,1654.0,90.42325285160095,9.441958887545345,2018,1
771,Provence-Alpes-Côte d'Azur,2018-01-01,15825.0,15205.0,620.0,2054.0,86.49128576126274,6.4026290165530675,2018,1
180,Bretagne,2018-01-01,9697.0,9544.0,153.0,507.0,94.68776194467729,17.82445759368836,2018,1
652,Pays de la Loire,2018-01-01,13108.0,12862.0,246.0,883.0,93.1348157362774,13.566251415628539,2018,1
587,Occitanie,2018-02-01,10626.0,10212.0,414.0,1383.0,86.45710928319625,6.383947939262473,2018,2
772,Provence-Alpes-Côte d'Azur,2018-02-01,14484.0,13984.0,500.0,1891.0,86.47740274599542,6.395029085140138,2018,2
181,Bretagne,2018-02-01,8816.0,8747.0,69.0,346.0,96.0443580656225,24.28034682080925,2018,2
653,Pays de la Loire,2018-02-01,11812.0,11583.0,229.0,873.0,92.46309246309247,12.268041237113403,2018,2
495,Nouvelle Aquitaine,2018-02-01,15212.0,14865.0,347.0,1486.0,90.0033636057854,9.003364737550472,2018,2
182,Bretagne,2018-03-01,9679.0,9580.0,99.0,321.0,96.64926931106471,28.84423676012461,2018,3
588,Occitanie,2018-03-01,11766.0,11344.0,422.0,1376.0,87.87023977433005,7.244186046511628,2018,3
496,Nouvelle Aquitaine,2018-03-01,16211.0,15937.0,274.0,1172.0,92.64604379745246,12.598122866894197,2018,3
773,Provence-Alpes-Côte d'Azur,2018-03-01,15383.0,14845.0,538.0,1836.0,87.63219939373526,7.085511982570806,2018,3
654,Pays de la Loire,2018-03-01,12662.0,12386.0,276.0,736.0,94.05780720167931,15.828804347826088,2018,3
497,Nouvelle Aquitaine,2018-04-01,9453.0,9297.0,156.0,732.0,92.12649241690868,11.700819672131148,2018,4
774,Provence-Alpes-Côte d'Azur,2018-04-01,8990.0,8657.0,333.0,1016.0,88.2638327365138,7.520669291338582,2018,4
589,Occitanie,2018-04-01,6208.0,6045.0,163.0,737.0,87.80810587262201,7.202170963364993,2018,4
655,Pays de la Loire,2018-04-01,7814.0,7707.0,107.0,589.0,92.35759698974958,12.084889643463498,2018,4
183,Bretagne,2018-04-01,4874.0,4775.0,99.0,491.0,89.717277486911,8.725050916496945,2018,4
590,Occitanie,2018-05-01,6984.0,6758.0,226.0,801.0,88.14738088191773,7.436953807740324,2018,5
184,Bretagne,2018-05-01,5479.0,5349.0,130.0,246.0,95.40100953449243,20.74390243902439,2018,5
656,Pays de la Loire,2018-05-01,8429.0,8271.0,158.0,602.0,92.72155724821666,12.73920265780731,2018,5
498,Nouvelle Aquitaine,2018-05-01,9819.0,9615.0,204.0,826.0,91.40925637025481,10.64043583535109,2018,5
775,Provence-Alpes-Côte d'Azur,2018-05-01,9712.0,9388.0,324.0,1029.0,89.03919897741798,8.123420796890185,2018,5
185,Bretagne,2018-06-01,6910.0,6760.0,150.0,385.0,94.30473372781066,16.558441558441558,2018,6
591,Occitanie,2018-06-01,8310.0,8063.0,247.0,1278.0,84.14982016619125,5.309076682316119,2018,6
657,Pays de la Loire,2018-06-01,9209.0,8948.0,261.0,825.0,90.78006258381761,9.846060606060606,2018,6
499,Nouvelle Aquitaine,2018-06-01,11696.0,11401.0,295.0,1293.0,88.65888957109026,7.817478731631864,2018,6
776,Provence-Alpes-Côte d'Azur,2018-06-01,10515.0,10251.0,264.0,1216.0,88.13774265925275,7.4300986842105265,2018,6
186,Bretagne,2018-07-01,8203.0,8119.0,84.0,566.0,93.02869811553147,13.34452296819788,2018,7
500,Nouvelle Aquitaine,2018-07-01,15562.0,15054.0,508.0,2080.0,86.18307426597582,6.2375,2018,7
658,Pays de la Loire,2018-07-01,11753.0,11546.0,207.0,988.0,91.44292395634852,10.686234817813766,2018,7
777,Provence-Alpes-Côte d'Azur,2018-07-01,15214.0,14384.0,830.0,2154.0,85.02502780867631,5.677808727948004,2018,7
778,Provence-Alpes-Côte d'Azur,2018-08-01,14797.0,14012.0,785.0,2012.0,85.64087924636026,5.964214711729622,2018,8
659,Pays de la Loire,2018-08-01,12171.0,11983.0,188.0,823.0,93.13193691062338,13.560145808019442,2018,8
187,Bretagne,2018-08-01,8389.0,8277.0,112.0,325.0,96.07345656638878,24.467692307692307,2018,8
501,Nouvelle Aquitaine,2018-08-01,17137.0,16819.0,318.0,1590.0,90.54640585052618,9.577987421383648,2018,8
660,Pays de la Loire,2018-09-01,12266.0,12086.0,180.0,774.0,93.5958960781069,14.61498708010336,2018,9
502,Nouvelle Aquitaine,2018-09-01,16291.0,16112.0,179.0,1252.0,92.22939424031777,11.869009584664537,2018,9
779,Provence-Alpes-Côte d'Azur,2018-09-01,15111.0,14490.0,621.0,1650.0,88.6128364389234,7.781818181818182,2018,9
188,Bretagne,2018-09-01,8855.0,8762.0,93.0,338.0,96.14243323442136,24.923076923076923,2018,9
503,Nouvelle Aquitaine,2018-10-01,17275.0,17103.0,172.0,1372.0,91.97801555282699,11.465743440233236,2018,10
661,Pays de la Loire,2018-10-01,13159.0,12928.0,231.0,1058.0,91.81621287128714,11.219281663516067,2018,10
780,Provence-Alpes-Côte d'Azur,2018-10-01,15342.0,14679.0,663.0,2125.0,85.52353702568296,5.907764705882353,2018,10
189,Bretagne,2018-10-01,9650.0,9519.0,131.0,464.0,95.12553839689043,19.51508620689655,2018,10
781,Provence-Alpes-Côte d'Azur,2018-11-01,15095.0,14234.0,861.0,2315.0,83.73612477167346,5.148596112311015,2018,11
504,Nouvelle Aquitaine,2018-11-01,16671.0,16448.0,223.0,1758.0,89.31177042801556,8.35608646188851,2018,11
190,Bretagne,2018-11-01,9346.0,9216.0,130.0,709.0,92.30685763888889,11.998589562764456,2018,11
662,Pays de la Loire,2018-11-01,12640.0,12295.0,345.0,1523.0,87.61285075233835,7.072882468811557,2018,11
782,Provence-Alpes-Côte d'Azur,2018-12-01,14588.0,13944.0,644.0,1928.0,86.1732644865175,6.232365145228216,2018,12
663,Pays de la Loire,2018-12-01,12433.0,12167.0,266.0,1215.0,90.01397221993918,9.013991769547324,2018,12
505,Nouvelle Aquitaine,2018-12-01,16529.0,16251.0,278.0,1561.0,90.39443726539905,9.410634208840486,2018,12
191,Bretagne,2018-12-01,9249.0,9115.0,134.0,528.0,94.20735052111904,16.263257575757574,2018,12
506,Nouvelle Aquitaine,2019-01-01,18076.0,17673.0,403.0,1107.0,93.73620777457138,14.964769647696476,2019,1
664,Pays de la Loire,2019-01-01,13083.0,12851.0,232.0,805.0,93.73589603921874,14.963975155279503,2019,1
783,Provence-Alpes-Côte d'Azur,2019-01-01,15330.0,14804.0,526.0,1675.0,88.68549040799783,7.83820895522388,2019,1
192,Bretagne,2019-01-01,9535.0,9448.0,87.0,349.0,96.30609652836579,26.07163323782235,2019,1
193,Bretagne,2019-02-01,8980.0,8908.0,72.0,247.0,97.22721149528513,35.064777327935225,2019,2
665,Pays de la Loire,2019-02-01,11862.0,11648.0,214.0,682.0,94.14491758241758,16.079178885630498,2019,2
507,Nouvelle Aquitaine,2019-02-01,15747.0,15509.0,238.0,893.0,94.24205300148301,16.367301231802912,2019,2
784,Provence-Alpes-Côte d'Azur,2019-02-01,13637.0,13241.0,396.0,1567.0,88.16554640888151,7.449904275686024,2019,2
666,Pays de la Loire,2019-03-01,12633.0,12387.0,246.0,821.0,93.37208363607007,14.087697929354446,2019,3
508,Nouvelle Aquitaine,2019-03-01,17077.0,16874.0,203.0,881.0,94.77894986369563,18.153234960272417,2019,3
194,Bretagne,2019-03-01,9303.0,9214.0,89.0,258.0,97.19991317560235,34.713178294573645,2019,3
785,Provence-Alpes-Côte d'Azur,2019-03-01,15306.0,14798.0,508.0,1440.0,90.2689552642249,9.276388888888889,2019,3
509,Nouvelle Aquitaine,2019-04-01,16414.0,16267.0,147.0,894.0,94.50421097928322,17.195749440715883,2019,4
786,Provence-Alpes-Côte d'Azur,2019-04-01,14725.0,14363.0,362.0,1424.0,90.08563670542365,9.086376404494382,2019,4
667,Pays de la Loire,2019-04-01,12350.0,12161.0,189.0,818.0,93.27357947537209,13.86674816625917,2019,4
195,Bretagne,2019-04-01,8934.0,8891.0,43.0,241.0,97.28939376897986,35.892116182572614,2019,4
668,Pays de la Loire,2019-05-01,12351.0,12184.0,167.0,602.0,95.05909389363099,19.239202657807308,2019,5
787,Provence-Alpes-Côte d'Azur,2019-05-01,14989.0,14684.0,305.0,1105.0,92.47480250612912,12.28868778280543,2019,5
196,Bretagne,2019-05-01,9005.0,8918.0,87.0,267.0,97.00605516932048,32.40074906367041,2019,5
510,Nouvelle Aquitaine,2019-05-01,17064.0,16834.0,230.0,827.0,95.08732327432577,19.355501813784763,2019,5
788,Provence-Alpes-Côte d'Azur,2019-06-01,14045.0,13662.0,383.0,1332.0,90.25032938076416,9.256756756756756,2019,6
511,Nouvelle Aquitaine,2019-06-01,15704.0,15302.0,402.0,1411.0,90.77898313945889,9.844790928419561,2019,6
669,Pays de la Loire,2019-06-01,11852.0,11626.0,226.0,1033.0,91.11474281782212,10.25459825750242,2019,6
197,Bretagne,2019-06-01,8726.0,8628.0,98.0,432.0,94.99304589707927,18.97222222222222,2019,6
512,Nouvelle Aquitaine,2019-07-01,17537.0,17120.0,417.0,1411.0,91.75817757009345,11.133238837703756,2019,7
198,Bretagne,2019-07-01,8422.0,8329.0,93.0,322.0,96.13398967463081,24.866459627329192,2019,7
789,Provence-Alpes-Côte d'Azur,2019-07-01,14475.0,14082.0,393.0,1433.0,89.82388865218009,8.826936496859735,2019,7
670,Pays de la Loire,2019-07-01,12246.0,12087.0,159.0,775.0,93.5881525606023,14.596129032258064,2019,7
790,Provence-Alpes-Côte d'Azur,2019-08-01,14062.0,13827.0,235.0,1276.0,90.7716785998409,9.836206896551724,2019,8
671,Pays de la Loire,2019-08-01,11582.0,11338.0,244.0,592.0,94.77862056800141,18.152027027027028,2019,8
513,Nouvelle Aquitaine,2019-08-01,16948.0,16705.0,243.0,1163.0,93.0380125710865,13.363714531384352,2019,8
199,Bretagne,2019-08-01,7743.0,7686.0,57.0,243.0,96.8384074941452,30.62962962962963,2019,8
514,Nouvelle Aquitaine,2019-09-01,16344.0,16182.0,162.0,1067.0,93.40625386231615,14.165885660731021,2019,9
791,Provence-Alpes-Côte d'Azur,2019-09-01,13846.0,13476.0,370.0,1174.0,91.2882160878599,10.47870528109029,2019,9
672,Pays de la Loire,2019-09-01,12087.0,11955.0,132.0,642.0,94.62986198243412,17.621495327102803,2019,9
200,Bretagne,2019-09-01,9224.0,9093.0,131.0,365.0,95.98592323765534,23.912328767123288,2019,9
673,Pays de la Loire,2019-10-01,12234.0,10932.0,1302.0,1002.0,90.83424807903403,9.910179640718562,2019,10
792,Provence-Alpes-Côte d'Azur,2019-10-01,13680.0,12614.0,1066.0,1485.0,88.22736641826542,7.494276094276095,2019,10
515,Nouvelle Aquitaine,2019-10-01,16366.0,14902.0,1464.0,1256.0,91.57160112736545,10.864649681528663,2019,10
201,Bretagne,2019-10-01,9589.0,9035.0,554.0,469.0,94.80907581627007,18.264392324093816,2019,10
516,Nouvelle Aquitaine,2019-11-01,15128.0,14554.0,574.0,1977.0,86.41610553799643,6.361659079413252,2019,11
202,Bretagne,2019-11-01,8719.0,8600.0,119.0,600.0,93.02325581395348,13.333333333333334,2019,11
674,Pays de la Loire,2019-11-01,11969.0,11846.0,123.0,1078.0,90.89988181664697,9.98886827458256,2019,11
793,Provence-Alpes-Côte d'Azur,2019-11-01,13662.0,13064.0,598.0,1980.0,84.8438456827924,5.597979797979798,2019,11
675,Pays de la Loire,2019-12-01,3835.0,3726.0,109.0,664.0,82.17928073000537,4.61144578313253,2019,12
517,Nouvelle Aquitaine,2019-12-01,3888.0,3635.0,253.0,752.0,79.31224209078404,3.833776595744681,2019,12
203,Bretagne,2019-12-01,3584.0,3545.0,39.0,387.0,89.08321579689704,8.160206718346254,2019,12
794,Provence-Alpes-Côte d'Azur,2019-12-01,4336.0,3459.0,877.0,585.0,83.08759757155248,4.912820512820513,2019,12
676,Pays de la Loire,2020-01-01,9655.0,9441.0,214.0,795.0,91.57928185573562,10.875471698113207,2020,1
795,Provence-Alpes-Côte d'Azur,2020-01-01,9905.0,9199.0,706.0,1065.0,88.42265463637352,7.63755868544601,2020,1
518,Nouvelle Aquitaine,2020-01-01,10387.0,10011.0,376.0,1153.0,88.48266906402957,7.682567215958369,2020,1
204,Bretagne,2020-01-01,7664.0,7584.0,80.0,287.0,96.21571729957806,25.425087108013937,2020,1
519,Nouvelle Aquitaine,2020-02-01,16304.0,16018.0,286.0,1162.0,92.74566113122737,12.78485370051635,2020,2
677,Pays de la Loire,2020-02-01,12174.0,11941.0,233.0,689.0,94.22996398961561,16.330914368650216,2020,2
796,Provence-Alpes-Côte d'Azur,2020-02-01,13719.0,13297.0,422.0,1271.0,90.44145295931413,9.461841070023603,2020,2
205,Bretagne,2020-02-01,8733.0,8580.0,153.0,405.0,95.27972027972028,20.185185185185187,2020,2
206,Bretagne,2020-03-01,5306.0,5231.0,75.0,223.0,95.73695278149494,22.457399103139014,2020,3
520,Nouvelle Aquitaine,2020-03-01,9758.0,9287.0,471.0,734.0,92.0964789490686,11.65258855585831,2020,3
797,Provence-Alpes-Côte d'Azur,2020-03-01,9270.0,9002.0,268.0,728.0,91.91290824261276,11.365384615384615,2020,3
678,Pays de la Loire,2020-03-01,7478.0,7321.0,157.0,697.0,90.47944269908483,9.503586800573888,2020,3
521,Nouvelle Aquitaine,2020-04-01,2156.0,2151.0,5.0,158.0,92.65457926545793,12.613924050632912,2020,4
798,Provence-Alpes-Côte d'Azur,2020-04-01,2743.0,2737.0,6.0,122.0,95.54256485202777,21.434426229508198,2020,4
679,Pays de la Loire,2020-04-01,1925.0,1915.0,10.0,104.0,94.56919060052219,17.41346153846154,2020,4
207,Bretagne,2020-04-01,1129.0,1125.0,4.0,35.0,96.88888888888889,31.142857142857142,2020,4
799,Provence-Alpes-Côte d'Azur,2020-05-01,5902.0,5840.0,62.0,578.0,90.1027397260274,9.103806228373703,2020,5
680,Pays de la Loire,2020-05-01,3759.0,3736.0,23.0,226.0,93.95074946466809,15.530973451327434,2020,5
522,Nouvelle Aquitaine,2020-05-01,5861.0,5744.0,117.0,555.0,90.33774373259052,9.34954954954955,2020,5
208,Bretagne,2020-05-01,3209.0,3175.0,34.0,78.0,97.54330708661418,39.705128205128204,2020,5
209,Bretagne,2020-06-01,6606.0,6563.0,43.0,180.0,97.25735182081365,35.46111111111111,2020,6
681,Pays de la Loire,2020-06-01,9483.0,9387.0,96.0,559.0,94.04495578992223,15.792486583184258,2020,6
523,Nouvelle Aquitaine,2020-06-01,13548.0,13346.0,202.0,783.0,94.13307358009891,16.044699872286078,2020,6
800,Provence-Alpes-Côte d'Azur,2020-06-01,11070.0,10988.0,82.0,1200.0,89.07899526756462,8.156666666666666,2020,6
801,Provence-Alpes-Côte d'Azur,2020-07-01,13211.0,12837.0,374.0,1762.0,86.27405156968139,6.285471055618615,2020,7
682,Pays de la Loire,2020-07-01,11727.0,11555.0,172.0,733.0,93.65642578970143,14.763983628922237,2020,7
524,Nouvelle Aquitaine,2020-07-01,16851.0,16493.0,358.0,1215.0,92.63323834353969,12.574485596707818,2020,7
210,Bretagne,2020-07-01,7353.0,7307.0,46.0,278.0,96.19542904064596,25.284172661870503,2020,7
802,Provence-Alpes-Côte d'Azur,2020-08-01,14150.0,13857.0,293.0,1276.0,90.79165764595511,9.859717868338558,2020,8
211,Bretagne,2020-08-01,7562.0,7490.0,72.0,247.0,96.70226969292389,29.323886639676115,2020,8
683,Pays de la Loire,2020-08-01,12088.0,11919.0,169.0,586.0,95.08348015773136,19.339590443686006,2020,8
525,Nouvelle Aquitaine,2020-08-01,17298.0,16856.0,442.0,1410.0,91.63502610346464,10.954609929078014,2020,8
239,Centre,2020-09-01,10774.0,10680.0,94.0,676.0,93.67041198501873,14.798816568047338,2020,9
684,Pays de la Loire,2020-09-01,12922.0,12781.0,141.0,637.0,95.01603943353415,19.06436420722135,2020,9
212,Bretagne,2020-09-01,9351.0,9267.0,84.0,362.0,96.09366569547858,24.599447513812155,2020,9
803,Provence-Alpes-Côte d'Azur,2020-09-01,13728.0,13489.0,239.0,1173.0,91.3040255022611,10.499573742540495,2020,9
685,Pays de la Loire,2020-10-01,13064.0,12810.0,254.0,1179.0,90.79625292740047,9.865139949109414,2020,10
240,Centre,2020-10-01,10265.0,9995.0,270.0,897.0,91.02551275637819,10.142697881828317,2020,10
804,Provence-Alpes-Côte d'Azur,2020-10-01,13914.0,13555.0,359.0,1248.0,90.79306528956104,9.861378205128204,2020,10
213,Bretagne,2020-10-01,8979.0,8771.0,208.0,664.0,92.42959753733896,12.20933734939759,2020,10
805,Provence-Alpes-Côte d'Azur,2020-11-01,12066.0,11927.0,139.0,673.0,94.35734048796847,16.7221396731055,2020,11
241,Centre,2020-11-01,8530.0,8382.0,148.0,732.0,91.26700071581962,10.450819672131148,2020,11
214,Bretagne,2020-11-01,6937.0,6915.0,22.0,380.0,94.50469992769342,17.19736842105263,2020,11
686,Pays de la Loire,2020-11-01,10346.0,10226.0,120.0,946.0,90.74907099550167,9.809725158562367,2020,11
687,Pays de la Loire,2020-12-01,11922.0,11722.0,200.0,779.0,93.3543763862822,14.047496790757382,2020,12
242,Centre,2020-12-01,8883.0,8739.0,144.0,812.0,90.70831902963725,9.76231527093596,2020,12
215,Bretagne,2020-12-01,8515.0,8425.0,90.0,329.0,96.09495548961425,24.60790273556231,2020,12
806,Provence-Alpes-Côte d'Azur,2020-12-01,12535.0,12215.0,320.0,949.0,92.23086369218174,11.871443624868283,2020,12
807,Provence-Alpes-Côte d'Azur,2021-01-01,13048.0,12698.0,350.0,1030.0,91.88848637580722,11.328155339805825,2021,1
243,Centre,2021-01-01,9562.0,9416.0,146.0,764.0,91.88615123194562,11.324607329842932,2021,1
688,Pays de la Loire,2021-01-01,12921.0,12660.0,261.0,747.0,94.0995260663507,15.947791164658634,2021,1
216,Bretagne,2021-01-01,9071.0,8950.0,121.0,320.0,96.42458100558659,26.96875,2021,1
689,Pays de la Loire,2021-02-01,12584.0,12346.0,238.0,723.0,94.14385225984124,16.07607192254495,2021,2
244,Centre,2021-02-01,9346.0,9138.0,208.0,950.0,89.60385204639965,8.618947368421052,2021,2
808,Provence-Alpes-Côte d'Azur,2021-02-01,12032.0,11699.0,333.0,824.0,92.95666296264638,13.197815533980583,2021,2
217,Bretagne,2021-02-01,8524.0,8409.0,115.0,309.0,96.32536567962897,26.21359223300971,2021,2
690,Pays de la Loire,2021-03-01,13988.0,13870.0,118.0,560.0,95.96250901225667,23.767857142857142,2021,3
218,Bretagne,2021-03-01,9739.0,9679.0,60.0,216.0,97.76836450046493,43.81018518518518,2021,3
245,Centre,2021-03-01,10727.0,10560.0,167.0,755.0,92.85037878787878,12.986754966887418,2021,3
809,Provence-Alpes-Côte d'Azur,2021-03-01,13588.0,13288.0,300.0,834.0,93.72366044551475,14.93285371702638,2021,3
246,Centre,2021-04-01,7910.0,7811.0,99.0,511.0,93.45794392523365,14.285714285714286,2021,4
810,Provence-Alpes-Côte d'Azur,2021-04-01,10999.0,10802.0,197.0,677.0,93.7326421033142,14.955686853766617,2021,4
219,Bretagne,2021-04-01,5836.0,5798.0,38.0,174.0,96.99896516040013,32.32183908045977,2021,4
691,Pays de la Loire,2021-04-01,11717.0,11433.0,284.0,617.0,94.60334120528296,17.52998379254457,2021,4
247,Centre,2021-05-01,9821.0,9726.0,95.0,652.0,93.29631914456097,13.917177914110429,2021,5
220,Bretagne,2021-05-01,9071.0,8988.0,83.0,288.0,96.79572763684914,30.208333333333332,2021,5
811,Provence-Alpes-Côte d'Azur,2021-05-01,13618.0,13226.0,392.0,982.0,92.57523060638137,12.468431771894094,2021,5
692,Pays de la Loire,2021-05-01,12923.0,12737.0,186.0,590.0,95.36782601868572,20.58813559322034,2021,5
221,Bretagne,2021-06-01,9871.0,9747.0,124.0,368.0,96.2244793269724,25.48641304347826,2021,6
812,Provence-Alpes-Côte d'Azur,2021-06-01,13498.0,13105.0,393.0,1124.0,91.42312094620374,10.659252669039146,2021,6
693,Pays de la Loire,2021-06-01,13619.0,13387.0,232.0,761.0,94.31538059311272,16.59132720105125,2021,6
248,Centre,2021-06-01,10904.0,10792.0,112.0,714.0,93.38398813936249,14.11484593837535,2021,6
249,Centre,2021-07-01,10470.0,10355.0,115.0,531.0,94.87204249154998,18.50094161958569,2021,7
694,Pays de la Loire,2021-07-01,12612.0,12459.0,153.0,671.0,94.61433501886187,17.567809239940388,2021,7
813,Provence-Alpes-Côte d'Azur,2021-07-01,13664.0,13338.0,326.0,1206.0,90.95816464237517,10.059701492537313,2021,7
222,Bretagne,2021-07-01,8202.0,8094.0,108.0,413.0,94.8974549048678,18.598062953995157,2021,7
223,Bretagne,2021-08-01,8315.0,8245.0,70.0,235.0,97.1497877501516,34.08510638297872,2021,8
814,Provence-Alpes-Côte d'Azur,2021-08-01,13429.0,13165.0,264.0,998.0,92.41929358146601,12.191382765531062,2021,8
250,Centre,2021-08-01,10468.0,10332.0,136.0,407.0,96.0607820363918,24.385749385749385,2021,8
695,Pays de la Loire,2021-08-01,12937.0,12826.0,111.0,428.0,96.66302822392016,28.96728971962617,2021,8
696,Pays de la Loire,2021-09-01,13741.0,13507.0,234.0,803.0,94.0549344784186,15.820672478206724,2021,9
815,Provence-Alpes-Côte d'Azur,2021-09-01,14179.0,13917.0,262.0,998.0,92.82891427750234,12.944889779559118,2021,9
251,Centre,2021-09-01,10809.0,10719.0,90.0,592.0,94.47709674409926,17.10641891891892,2021,9
224,Bretagne,2021-09-01,9803.0,9640.0,163.0,408.0,95.76763485477179,22.627450980392158,2021,9
225,Bretagne,2021-10-01,9269.0,9127.0,142.0,528.0,94.21496658266682,16.285984848484848,2021,10
252,Centre,2021-10-01,9814.0,9602.0,212.0,995.0,89.6375755051031,8.650251256281408,2021,10
816,Provence-Alpes-Côte d'Azur,2021-10-01,13443.0,12980.0,463.0,1153.0,91.11710323574731,10.257588898525585,2021,10
697,Pays de la Loire,2021-10-01,13489.0,13151.0,338.0,993.0,92.44924340354346,12.243705941591138,2021,10
698,Pays de la Loire,2021-11-01,12306.0,12067.0,239.0,935.0,92.25159525979946,11.905882352941177,2021,11
817,Provence-Alpes-Côte d'Azur,2021-11-01,13665.0,13285.0,380.0,1290.0,90.28980052691004,9.2984496124031,2021,11
253,Centre,2021-11-01,9242.0,9075.0,167.0,976.0,89.24517906336088,8.298155737704919,2021,11
226,Bretagne,2021-11-01,9090.0,8971.0,119.0,706.0,92.1301973024189,11.706798866855523,2021,11
254,Centre,2021-12-01,10328.0,10174.0,154.0,742.0,92.70689994102615,12.711590296495958,2021,12
818,Provence-Alpes-Côte d'Azur,2021-12-01,13936.0,13543.0,393.0,1411.0,89.58133353023702,8.598157335223245,2021,12
227,Bretagne,2021-12-01,9508.0,9445.0,63.0,440.0,95.3414505029116,20.46590909090909,2021,12
699,Pays de la Loire,2021-12-01,13840.0,13594.0,246.0,939.0,93.09254082683537,13.477103301384451,2021,12
228,Bretagne,2022-01-01,9011.0,8915.0,116.0,286.0,96.79192372406057,30.17132867132867,2022,1
819,Provence-Alpes-Côte d'Azur,2022-01-01,13930.0,13760.0,301.0,992.0,92.79069767441861,12.870967741935484,2022,1
255,Centre,2022-01-01,9927.0,9781.0,166.0,738.0,92.4547592270729,12.253387533875339,2022,1
700,Pays de la Loire,2022-01-01,14074.0,13900.0,235.0,764.0,94.50359712230215,17.19371727748691,2022,1
256,Centre,2022-02-01,9034.0,8896.0,138.0,730.0,91.79406474820144,11.186301369863013,2022,2
820,Provence-Alpes-Côte d'Azur,2022-02-01,12910.0,12700.0,210.0,916.0,92.78740157480316,12.864628820960698,2022,2
701,Pays de la Loire,2022-02-01,13033.0,12816.0,217.0,711.0,94.45224719101124,17.025316455696203,2022,2
229,Bretagne,2022-02-01,8486.0,8423.0,63.0,244.0,97.10316989196248,33.52049180327869,2022,2
821,Provence-Alpes-Côte d'Azur,2022-03-01,14389.0,14125.0,264.0,1050.0,92.56637168141593,12.452380952380953,2022,3
257,Centre,2022-03-01,10959.0,10749.0,210.0,797.0,92.58535677737464,12.486825595984943,2022,3
702,Pays de la Loire,2022-03-01,14659.0,14441.0,218.0,785.0,94.5640883595319,17.396178343949046,2022,3
230,Bretagne,2022-03-01,9969.0,9854.0,115.0,295.0,97.00629186117312,32.40338983050847,2022,3
258,Centre,2022-04-01,10035.0,9720.0,315.0,599.0,93.83744855967078,15.22704507512521,2022,4
231,Bretagne,2022-04-01,8916.0,8871.0,45.0,255.0,97.1254649983091,33.78823529411765,2022,4
703,Pays de la Loire,2022-04-01,13612.0,13395.0,217.0,660.0,95.07278835386339,19.295454545454547,2022,4
822,Provence-Alpes-Côte d'Azur,2022-04-01,12767.0,12490.0,277.0,1198.0,90.40832666132906,9.425709515859767,2022,4
704,Pays de la Loire,2022-05-01,14224.0,14035.0,189.0,768.0,94.52796579978624,17.274739583333332,2022,5
823,Provence-Alpes-Côte d'Azur,2022-05-01,13293.0,13042.0,251.0,1166.0,91.05965342738844,10.1852487135506,2022,5
232,Bretagne,2022-05-01,9867.0,9764.0,103.0,334.0,96.57927079065956,28.233532934131738,2022,5
259,Centre,2022-05-01,10657.0,10563.0,94.0,801.0,92.41692700937234,12.187265917602996,2022,5
233,Bretagne,2022-06-01,9619.0,9488.0,151.0,486.0,94.87774030354132,18.522633744855966,2022,6
260,Centre,2022-06-01,10521.0,10406.0,165.0,1011.0,90.28445127810879,9.292779426310583,2022,6
705,Pays de la Loire,2022-06-01,14093.0,13931.0,201.0,882.0,93.66879620989161,14.794784580498867,2022,6
824,Provence-Alpes-Côte d'Azur,2022-06-01,13425.0,13265.0,309.0,1302.0,90.18469656992085,9.188172043010752,2022,6
825,Provence-Alpes-Côte d'Azur,2022-07-01,13256.0,12941.0,315.0,1611.0,87.55119387991654,7.032898820608318,2022,7
261,Centre,2022-07-01,10255.0,10113.0,142.0,1320.0,86.94749332542273,6.661363636363636,2022,7
706,Pays de la Loire,2022-07-01,12277.0,12131.0,146.0,788.0,93.50424532190256,14.394670050761421,2022,7
234,Bretagne,2022-07-01,7647.0,7552.0,95.0,429.0,94.31938559322033,16.603729603729604,2022,7
826,Provence-Alpes-Côte d'Azur,2022-08-01,13983.0,13524.0,459.0,1636.0,87.90298728186927,7.266503667481663,2022,8
235,Bretagne,2022-08-01,8484.0,8373.0,111.0,375.0,95.52131852382658,21.328,2022,8
262,Centre,2022-08-01,10778.0,10661.0,117.0,825.0,92.26151392927493,11.922424242424242,2022,8
707,Pays de la Loire,2022-08-01,13271.0,13096.0,175.0,737.0,94.37232742822236,16.769335142469473,2022,8
708,Pays de la Loire,2022-09-01,14034.0,13830.0,204.0,853.0,93.83224873463485,15.213364595545135,2022,9
236,Bretagne,2022-09-01,9580.0,9493.0,87.0,357.0,96.23933424628673,25.591036414565828,2022,9
827,Provence-Alpes-Côte d'Azur,2022-09-01,13546.0,13279.0,267.0,1212.0,90.87280668725055,9.956270627062706,2022,9
263,Centre,2022-09-01,10800.0,10676.0,124.0,794.0,92.56275758711128,12.445843828715365,2022,9
237,Bretagne,2022-10-01,9399.0,9313.0,86.0,560.0,93.98690003221303,15.630357142857143,2022,10
264,Centre,2022-10-01,10114.0,9958.0,156.0,933.0,90.6306487246435,9.67309753483387,2022,10
709,Pays de la Loire,2022-10-01,13677.0,13423.0,254.0,1152.0,91.41771586083588,10.651909722222221,2022,10
828,Provence-Alpes-Côte d'Azur,2022-10-01,13798.0,13403.0,395.0,1383.0,89.6814146086697,8.691250903832248,2022,10
265,Centre,2022-11-01,10214.0,10045.0,169.0,970.0,90.3434544549527,9.355670103092784,2022,11
710,Pays de la Loire,2022-11-01,13582.0,13391.0,191.0,1050.0,92.15891270256142,11.753333333333334,2022,11
238,Bretagne,2022-11-01,9165.0,9038.0,127.0,541.0,94.01416242531533,15.706099815157117,2022,11
829,Provence-Alpes-Côte d'Azur,2022-11-01,13574.0,13178.0,396.0,1555.0,88.20003035361967,7.47459807073955,2022,11
